cod_ibge_7,municipio_ibge,uf,id_cidade_idsc,pontuacao_geral_idsc,classificacao_geral_idsc,nivel_desenvolvimento_idsc,status_vinculo_ibge,sistema_origem,endpoint_origem,fonte,url_fonte,data_extracao_utc,hash_registro_origem,status_cobertura_idsc
3100104,Abadia dos Dourados,MG,3100104,50.47,2619,,CODIGO_IBGE,IDSC-BR,buscarAllPerfilCidadeDetalhes,Instituto Cidades Sustentáveis / IDSC-BR,https://www.cidadessustentaveis.org.br/api/idsc-br/buscarAllPerfilCidadeDetalhes,2026-09-01T10:54:12Z,f1ad9d9fd62cd4ad764431bd4eb092393124e06c549419d9442f3d2b594e0d18,OK
3100203,Abaeté,MG,3100203,50.42,2642,,CODIGO_IBGE,IDSC-BR,buscarAllPerfilCidadeDetalhes,Instituto Cidades Sustentáveis / IDSC-BR,https://www.cidadessustentaveis.org.br/api/idsc-br/buscarAllPerfilCidadeDetalhes,2026-09-01T10:54:12Z,c042f34f3cd42747057479c562f5dd60ece08d233dfb481be0774ebb1e49d5d9,OK
3100302,Abre Campo,MG,3100302,51.15,2343,,CODIGO_IBGE,IDSC-BR,buscarAllPerfilCidadeDetalhes,Instituto Cidades Sustentáveis / IDSC-BR,https://www.cidadessustentaveis.org.br/api/idsc-br/buscarAllPerfilCidadeDetalhes,2026-09-01T10:54:12Z,8e7639e1e4bbc0b448f8ee02f697a5c92f26d5d267c4a5d2a08d1843fb518a7e,OK
3100401,Acaiaca,MG,3100401,48.62,3353,,CODIGO_IBGE,IDSC-BR,buscarAllPerfilCidadeDetalhes,Instituto Cidades Sustentáveis / IDSC-BR,https://www.cidadessustentaveis.org.br/api/idsc-br/buscarAllPerfilCidadeDetalhes,2026-09-01T10:54:12Z,4185973a7807a9ea0a1140ca8ea5ec540e88bcb35e3ea15fc82779742d699156,OK
3100500,Açucena,MG,3100500,48.65,3338,,CODIGO_IBGE,IDSC-BR,buscarAllPerfilCidadeDetalhes,Instituto Cidades Sustentáveis / IDSC-BR,https://www.cidadessustentaveis.org.br/api/idsc-br/buscarAllPerfilCidadeDetalhes,2026-09-01T10:54:12Z,cd5a0b9ab1c06e57312d80d356c0e0d3875736bc7f45ac1cc82fad36112db520,OK
3100609,Água Boa,MG,3100609,44.22,4784,,CODIGO_IBGE,IDSC-BR,buscarAllPerfilCidadeDetalhes,Instituto Cidades Sustentáveis / IDSC-BR,https://www.cidadessustentaveis.org.br/api/idsc-br/buscarAllPerfilCidadeDetalhes,2026-09-01T10:54:12Z,a90623170ae89eba6398dca664db609ecb8ba8d5e4056c0841a9e6c2f42b1946,OK
3100708,Água Comprida,MG,3100708,57.91,424,,CODIGO_IBGE,IDSC-BR,buscarAllPerfilCidadeDetalhes,Instituto Cidades Sustentáveis / IDSC-BR,https://www.cidadessustentaveis.org.br/api/idsc-br/buscarAllPerfilCidadeDetalhes,2026-09-01T10:54:12Z,b932ce99365dd41691d72f3153fb219e519d4ad7246fc726b899f6d8670f37c2,OK
3100807,Aguanil,MG,3100807,52.34,1870,,CODIGO_IBGE,IDSC-BR,buscarAllPerfilCidadeDetalhes,Instituto Cidades Sustentáveis / IDSC-BR,https://www.cidadessustentaveis.org.br/api/idsc-br/buscarAllPerfilCidadeDetalhes,2026-09-01T10:54:12Z,d02fd8261d5b13b10ea89f062be69acc30bfd00781f9b044b3b1ac010722f587,OK
3100906,Águas Formosas,MG,3100906,46.89,3998,,CODIGO_IBGE,IDSC-BR,buscarAllPerfilCidadeDetalhes,Instituto Cidades Sustentáveis / IDSC-BR,https://www.cidadessustentaveis.org.br/api/idsc-br/buscarAllPerfilCidadeDetalhes,2026-09-01T10:54:12Z,d6f1767cdb397866b0670561b78ca53ebc08c068eac40b7eb5d033df5f7c5d71,OK
3101003,Águas Vermelhas,MG,3101003,53.85,1343,,CODIGO_IBGE,IDSC-BR,buscarAllPerfilCidadeDetalhes,Instituto Cidades Sustentáveis / IDSC-BR,https://www.cidadessustentaveis.org.br/api/idsc-br/buscarAllPerfilCidadeDetalhes,2026-09-01T10:54:12Z,3b23fc9ba2b44211d6f854e3b3e949e7dba13f102407114bb897ab13719091b0,OK
3101102,Aimorés,MG,3101102,49.11,3149,,CODIGO_IBGE,IDSC-BR,buscarAllPerfilCidadeDetalhes,Instituto Cidades Sustentáveis / IDSC-BR,https://www.cidadessustentaveis.org.br/api/idsc-br/buscarAllPerfilCidadeDetalhes,2026-09-01T10:54:12Z,7c58793212cf2ba48f5e53502c387a0431a1010539457d49d2c8becf1f9eb18c,OK
3101201,Aiuruoca,MG,3101201,52.79,1697,,CODIGO_IBGE,IDSC-BR,buscarAllPerfilCidadeDetalhes,Instituto Cidades Sustentáveis / IDSC-BR,https://www.cidadessustentaveis.org.br/api/idsc-br/buscarAllPerfilCidadeDetalhes,2026-09-01T10:54:12Z,c2c419038b22bce5a1e0680f13fce9d16807bdba229876dd2bb90f4a422e222b,OK
3101300,Alagoa,MG,3101300,59.3,238,,CODIGO_IBGE,IDSC-BR,buscarAllPerfilCidadeDetalhes,Instituto Cidades Sustentáveis / IDSC-BR,https://www.cidadessustentaveis.org.br/api/idsc-br/buscarAllPerfilCidadeDetalhes,2026-09-01T10:54:12Z,dba955580ef1496b9bfc5caa33357144d755fc857bae4e9bdd9d9f98cb5f7580,OK
3101409,Albertina,MG,3101409,58.4,357,,CODIGO_IBGE,IDSC-BR,buscarAllPerfilCidadeDetalhes,Instituto Cidades Sustentáveis / IDSC-BR,https://www.cidadessustentaveis.org.br/api/idsc-br/buscarAllPerfilCidadeDetalhes,2026-09-01T10:54:12Z,5dc79e97f019b39082df17c3ae107cb4ff4474529aa5a844bd6486c86723eed4,OK
3101508,Além Paraíba,MG,3101508,42.66,5061,,CODIGO_IBGE,IDSC-BR,buscarAllPerfilCidadeDetalhes,Instituto Cidades Sustentáveis / IDSC-BR,https://www.cidadessustentaveis.org.br/api/idsc-br/buscarAllPerfilCidadeDetalhes,2026-09-01T10:54:12Z,84aaed76bdf709c05d4b953d6242b24401d19a1f97384975ed6eb92be89a853b,OK
3101607,Alfenas,MG,3101607,59.42,223,,CODIGO_IBGE,IDSC-BR,buscarAllPerfilCidadeDetalhes,Instituto Cidades Sustentáveis / IDSC-BR,https://www.cidadessustentaveis.org.br/api/idsc-br/buscarAllPerfilCidadeDetalhes,2026-09-01T10:54:12Z,9e4a31676ff4afc0eed0d1895947ed62643e0d6aec51a92f2a0c548bbd6a34fc,OK
3101631,Alfredo Vasconcelos,MG,3101631,55.71,844,,CODIGO_IBGE,IDSC-BR,buscarAllPerfilCidadeDetalhes,Instituto Cidades Sustentáveis / IDSC-BR,https://www.cidadessustentaveis.org.br/api/idsc-br/buscarAllPerfilCidadeDetalhes,2026-09-01T10:54:12Z,79214ca4234ff7212bbafcb5a6d4bbf9a65ee3503eda3f6d4ad13f455b1b02b6,OK
3101706,Almenara,MG,3101706,52.62,1759,,CODIGO_IBGE,IDSC-BR,buscarAllPerfilCidadeDetalhes,Instituto Cidades Sustentáveis / IDSC-BR,https://www.cidadessustentaveis.org.br/api/idsc-br/buscarAllPerfilCidadeDetalhes,2026-09-01T10:54:12Z,fc59ef85972a337973907882080fd7d45a3861dc6d2f44f19aeef7195f814e26,OK
3101805,Alpercata,MG,3101805,46.16,4244,,CODIGO_IBGE,IDSC-BR,buscarAllPerfilCidadeDetalhes,Instituto Cidades Sustentáveis / IDSC-BR,https://www.cidadessustentaveis.org.br/api/idsc-br/buscarAllPerfilCidadeDetalhes,2026-09-01T10:54:12Z,21a9265bfcbfab9ebdb5d760df03e61fa8c75f11df28826fe916fa12c234ac5b,OK
3101904,Alpinópolis,MG,3101904,53.94,1313,,CODIGO_IBGE,IDSC-BR,buscarAllPerfilCidadeDetalhes,Instituto Cidades Sustentáveis / IDSC-BR,https://www.cidadessustentaveis.org.br/api/idsc-br/buscarAllPerfilCidadeDetalhes,2026-09-01T10:54:12Z,0f446c6eea0c13d11dbeb998cd99dc8e8acfa92928f2c5d0d78d13025a88c00b,OK
3102001,Alterosa,MG,3102001,58.08,400,,CODIGO_IBGE,IDSC-BR,buscarAllPerfilCidadeDetalhes,Instituto Cidades Sustentáveis / IDSC-BR,https://www.cidadessustentaveis.org.br/api/idsc-br/buscarAllPerfilCidadeDetalhes,2026-09-01T10:54:12Z,25c77c3a5584c995094af5f0aa23d1990a5944bf289af079a3cf19f032df7d2a,OK
3102050,Alto Caparaó,MG,3102050,55.19,962,,CODIGO_IBGE,IDSC-BR,buscarAllPerfilCidadeDetalhes,Instituto Cidades Sustentáveis / IDSC-BR,https://www.cidadessustentaveis.org.br/api/idsc-br/buscarAllPerfilCidadeDetalhes,2026-09-01T10:54:12Z,7e2d10fed3641a0f59efbf86a19ef7ba09c4f25b6e453f3a3d8c91e2cc30e85d,OK
3102100,Alto Rio Doce,MG,3102100,51.9,2027,,CODIGO_IBGE,IDSC-BR,buscarAllPerfilCidadeDetalhes,Instituto Cidades Sustentáveis / IDSC-BR,https://www.cidadessustentaveis.org.br/api/idsc-br/buscarAllPerfilCidadeDetalhes,2026-09-01T10:54:12Z,6800701f8fbe70bf66f50f8fa8f73a4094926cbcfd3563bb38751bfe1ead0295,OK
3102209,Alvarenga,MG,3102209,53.29,1523,,CODIGO_IBGE,IDSC-BR,buscarAllPerfilCidadeDetalhes,Instituto Cidades Sustentáveis / IDSC-BR,https://www.cidadessustentaveis.org.br/api/idsc-br/buscarAllPerfilCidadeDetalhes,2026-09-01T10:54:12Z,30ce0f6d31f8b2a7363871a4e3c7c500f15a3f4d2593e11c7eb684155994407d,OK
3102308,Alvinópolis,MG,3102308,47.05,3949,,CODIGO_IBGE,IDSC-BR,buscarAllPerfilCidadeDetalhes,Instituto Cidades Sustentáveis / IDSC-BR,https://www.cidadessustentaveis.org.br/api/idsc-br/buscarAllPerfilCidadeDetalhes,2026-09-01T10:54:12Z,b45bb5b94e875efaa4afae0e9a7f9fecdee31cd5787a4d947345719f3f3f97a8,OK
3102407,Alvorada de Minas,MG,3102407,50.55,2586,,CODIGO_IBGE,IDSC-BR,buscarAllPerfilCidadeDetalhes,Instituto Cidades Sustentáveis / IDSC-BR,https://www.cidadessustentaveis.org.br/api/idsc-br/buscarAllPerfilCidadeDetalhes,2026-09-01T10:54:12Z,4189551f24e9d5d9381b89e185c7d09c1bcfe20660315ecf49dc575fdda03ea3,OK
3102506,Amparo do Serra,MG,3102506,47.02,3959,,CODIGO_IBGE,IDSC-BR,buscarAllPerfilCidadeDetalhes,Instituto Cidades Sustentáveis / IDSC-BR,https://www.cidadessustentaveis.org.br/api/idsc-br/buscarAllPerfilCidadeDetalhes,2026-09-01T10:54:12Z,90140f50fd5b5d6602af62bf1b0733131bd32401cbfde4538e57ef0e324c2c49,OK
3102605,Andradas,MG,3102605,50.54,2588,,CODIGO_IBGE,IDSC-BR,buscarAllPerfilCidadeDetalhes,Instituto Cidades Sustentáveis / IDSC-BR,https://www.cidadessustentaveis.org.br/api/idsc-br/buscarAllPerfilCidadeDetalhes,2026-09-01T10:54:12Z,15282309b5818f766f835165120e827d2e534fcf12165a1a4bdd00c1c9087a2f,OK
3102704,Cachoeira de Pajeú,MG,3102704,47.34,3849,,CODIGO_IBGE,IDSC-BR,buscarAllPerfilCidadeDetalhes,Instituto Cidades Sustentáveis / IDSC-BR,https://www.cidadessustentaveis.org.br/api/idsc-br/buscarAllPerfilCidadeDetalhes,2026-09-01T10:54:12Z,85ae9ef9ad8ca3832a162ae49d977ebd4f281c382500349c780623cbdd0d03be,OK
3102803,Andrelândia,MG,3102803,52.62,1763,,CODIGO_IBGE,IDSC-BR,buscarAllPerfilCidadeDetalhes,Instituto Cidades Sustentáveis / IDSC-BR,https://www.cidadessustentaveis.org.br/api/idsc-br/buscarAllPerfilCidadeDetalhes,2026-09-01T10:54:12Z,032e05cb42cd82fcd6b5b3dd4fb81101b73f16512d402d905c1af8d12ce7ea81,OK
3102852,Angelândia,MG,3102852,53.94,1310,,CODIGO_IBGE,IDSC-BR,buscarAllPerfilCidadeDetalhes,Instituto Cidades Sustentáveis / IDSC-BR,https://www.cidadessustentaveis.org.br/api/idsc-br/buscarAllPerfilCidadeDetalhes,2026-09-01T10:54:12Z,3b88817c516722dc2f85b2da3dd869e497661e0bd72666745dbc76b3dd550b9a,OK
3102902,Antônio Carlos,MG,3102902,53.31,1511,,CODIGO_IBGE,IDSC-BR,buscarAllPerfilCidadeDetalhes,Instituto Cidades Sustentáveis / IDSC-BR,https://www.cidadessustentaveis.org.br/api/idsc-br/buscarAllPerfilCidadeDetalhes,2026-09-01T10:54:12Z,dcbca4f66d1b72d3793fed11bcfa0812fe28a1e47d1feddf8fb416375493876c,OK
3103009,Antônio Dias,MG,3103009,50.64,2551,,CODIGO_IBGE,IDSC-BR,buscarAllPerfilCidadeDetalhes,Instituto Cidades Sustentáveis / IDSC-BR,https://www.cidadessustentaveis.org.br/api/idsc-br/buscarAllPerfilCidadeDetalhes,2026-09-01T10:54:12Z,95511e29c6cff0d46f502494ff4fc818ae323c0f2386747ba20d73d1494be5b4,OK
3103108,Antônio Prado de Minas,MG,3103108,55.14,974,,CODIGO_IBGE,IDSC-BR,buscarAllPerfilCidadeDetalhes,Instituto Cidades Sustentáveis / IDSC-BR,https://www.cidadessustentaveis.org.br/api/idsc-br/buscarAllPerfilCidadeDetalhes,2026-09-01T10:54:12Z,c6c49a7e5f2e424f9fb1de77d5fd981e972a094c503723cf4dd909b82db248ed,OK
3103207,Araçaí,MG,3103207,53.94,1312,,CODIGO_IBGE,IDSC-BR,buscarAllPerfilCidadeDetalhes,Instituto Cidades Sustentáveis / IDSC-BR,https://www.cidadessustentaveis.org.br/api/idsc-br/buscarAllPerfilCidadeDetalhes,2026-09-01T10:54:12Z,96ba56479d679346237d8c5454e4ed7a59ddbfcafaa5a79e571182e306caac47,OK
3103306,Aracitaba,MG,3103306,49.58,2977,,CODIGO_IBGE,IDSC-BR,buscarAllPerfilCidadeDetalhes,Instituto Cidades Sustentáveis / IDSC-BR,https://www.cidadessustentaveis.org.br/api/idsc-br/buscarAllPerfilCidadeDetalhes,2026-09-01T10:54:12Z,9e2f03f180a1b679c6cdb98fad77e956a39a4d4c5fc9a858b80ffab085ae7324,OK
3103405,Araçuaí,MG,3103405,53.12,1578,,CODIGO_IBGE,IDSC-BR,buscarAllPerfilCidadeDetalhes,Instituto Cidades Sustentáveis / IDSC-BR,https://www.cidadessustentaveis.org.br/api/idsc-br/buscarAllPerfilCidadeDetalhes,2026-09-01T10:54:12Z,95e5bf98356f2ded5f21f060060edb16ab7794f778c7fa032ce7dbfdc19b5013,OK
3103504,Araguari,MG,3103504,51.55,2169,,CODIGO_IBGE,IDSC-BR,buscarAllPerfilCidadeDetalhes,Instituto Cidades Sustentáveis / IDSC-BR,https://www.cidadessustentaveis.org.br/api/idsc-br/buscarAllPerfilCidadeDetalhes,2026-09-01T10:54:12Z,899fce046fce6f97e1a3e4d5fda9b50bc277397d7f71d48db56ce5b35e43ac5a,OK
3103603,Arantina,MG,3103603,48.76,3301,,CODIGO_IBGE,IDSC-BR,buscarAllPerfilCidadeDetalhes,Instituto Cidades Sustentáveis / IDSC-BR,https://www.cidadessustentaveis.org.br/api/idsc-br/buscarAllPerfilCidadeDetalhes,2026-09-01T10:54:12Z,cd8e4f6c163c97948a9c11bfc414784708fed30c55db373c1e789c510412a36c,OK
3103702,Araponga,MG,3103702,57.85,432,,CODIGO_IBGE,IDSC-BR,buscarAllPerfilCidadeDetalhes,Instituto Cidades Sustentáveis / IDSC-BR,https://www.cidadessustentaveis.org.br/api/idsc-br/buscarAllPerfilCidadeDetalhes,2026-09-01T10:54:12Z,de39c37f3955e3bec15bf1cc4e8797f850345f3365a25feaefd78bfb667378f2,OK
3103751,Araporã,MG,3103751,49.63,2953,,CODIGO_IBGE,IDSC-BR,buscarAllPerfilCidadeDetalhes,Instituto Cidades Sustentáveis / IDSC-BR,https://www.cidadessustentaveis.org.br/api/idsc-br/buscarAllPerfilCidadeDetalhes,2026-09-01T10:54:12Z,c119cb17c5db115c9dbfacea52fe97dc83a70726a8b3681126a24d2092cbe03f,OK
3103801,Arapuá,MG,3103801,56.15,754,,CODIGO_IBGE,IDSC-BR,buscarAllPerfilCidadeDetalhes,Instituto Cidades Sustentáveis / IDSC-BR,https://www.cidadessustentaveis.org.br/api/idsc-br/buscarAllPerfilCidadeDetalhes,2026-09-01T10:54:12Z,01bb1700b8a16bbb1a8d8e9be4ff46e2a8f37c01c1fc0f0fda5a97f0f0bf4399,OK
3103900,Araújos,MG,3103900,58.22,387,,CODIGO_IBGE,IDSC-BR,buscarAllPerfilCidadeDetalhes,Instituto Cidades Sustentáveis / IDSC-BR,https://www.cidadessustentaveis.org.br/api/idsc-br/buscarAllPerfilCidadeDetalhes,2026-09-01T10:54:12Z,bee638d2e76b349bd113f92afe4416f43861b37c71fa69bd04e28739525d30a3,OK
3104007,Araxá,MG,3104007,59.54,208,,CODIGO_IBGE,IDSC-BR,buscarAllPerfilCidadeDetalhes,Instituto Cidades Sustentáveis / IDSC-BR,https://www.cidadessustentaveis.org.br/api/idsc-br/buscarAllPerfilCidadeDetalhes,2026-09-01T10:54:12Z,322309d664e9f4f25b6cc68fcc81531ae10547a00280bae53d11b1a6e48d5a86,OK
3104106,Arceburgo,MG,3104106,52.88,1671,,CODIGO_IBGE,IDSC-BR,buscarAllPerfilCidadeDetalhes,Instituto Cidades Sustentáveis / IDSC-BR,https://www.cidadessustentaveis.org.br/api/idsc-br/buscarAllPerfilCidadeDetalhes,2026-09-01T10:54:12Z,82187478deb321e01aafe36e005368524511a18db14a541fecfbe9e140f17b3e,OK
3104205,Arcos,MG,3104205,57.11,554,,CODIGO_IBGE,IDSC-BR,buscarAllPerfilCidadeDetalhes,Instituto Cidades Sustentáveis / IDSC-BR,https://www.cidadessustentaveis.org.br/api/idsc-br/buscarAllPerfilCidadeDetalhes,2026-09-01T10:54:12Z,16dc42a2bf8d4b27d70332bcd66ada3a56de0ef2cb770f3806b38a1280d13a02,OK
3104304,Areado,MG,3104304,56.51,666,,CODIGO_IBGE,IDSC-BR,buscarAllPerfilCidadeDetalhes,Instituto Cidades Sustentáveis / IDSC-BR,https://www.cidadessustentaveis.org.br/api/idsc-br/buscarAllPerfilCidadeDetalhes,2026-09-01T10:54:12Z,21d7cac1788d45e918fd1c2880f4a5103dc65c9250678ec87bcb30d0d1158e3a,OK
3104403,Argirita,MG,3104403,62.59,30,,CODIGO_IBGE,IDSC-BR,buscarAllPerfilCidadeDetalhes,Instituto Cidades Sustentáveis / IDSC-BR,https://www.cidadessustentaveis.org.br/api/idsc-br/buscarAllPerfilCidadeDetalhes,2026-09-01T10:54:12Z,85e1e1e6ab0fa69230062dc657544d393c0dab4b9c6805f69d55d7c776e0e528,OK
3104452,Aricanduva,MG,3104452,52.26,1899,,CODIGO_IBGE,IDSC-BR,buscarAllPerfilCidadeDetalhes,Instituto Cidades Sustentáveis / IDSC-BR,https://www.cidadessustentaveis.org.br/api/idsc-br/buscarAllPerfilCidadeDetalhes,2026-09-01T10:54:12Z,d9cd62e74a846771d07e86477f6e18e9f97de88a5ac221aebf10ea93d89927cc,OK
3104502,Arinos,MG,3104502,49.5,3003,,CODIGO_IBGE,IDSC-BR,buscarAllPerfilCidadeDetalhes,Instituto Cidades Sustentáveis / IDSC-BR,https://www.cidadessustentaveis.org.br/api/idsc-br/buscarAllPerfilCidadeDetalhes,2026-09-01T10:54:12Z,d69c94908cd4a9af460024b4e79a517dd4cd67fded3b99c04268b3d2770e1b40,OK
3104601,Astolfo Dutra,MG,3104601,50.66,2540,,CODIGO_IBGE,IDSC-BR,buscarAllPerfilCidadeDetalhes,Instituto Cidades Sustentáveis / IDSC-BR,https://www.cidadessustentaveis.org.br/api/idsc-br/buscarAllPerfilCidadeDetalhes,2026-09-01T10:54:12Z,889952016e478bc0fa6de297a6a45d22f771dc6116592d8ea32b238fbae64ac9,OK
3104700,Ataléia,MG,3104700,46.76,4057,,CODIGO_IBGE,IDSC-BR,buscarAllPerfilCidadeDetalhes,Instituto Cidades Sustentáveis / IDSC-BR,https://www.cidadessustentaveis.org.br/api/idsc-br/buscarAllPerfilCidadeDetalhes,2026-09-01T10:54:12Z,467a05efd6bc44e261d7bd42a160012d8284f1e9d40170f14438ddac4fbd280b,OK
3104809,Augusto de Lima,MG,3104809,49.93,2837,,CODIGO_IBGE,IDSC-BR,buscarAllPerfilCidadeDetalhes,Instituto Cidades Sustentáveis / IDSC-BR,https://www.cidadessustentaveis.org.br/api/idsc-br/buscarAllPerfilCidadeDetalhes,2026-09-01T10:54:12Z,9ecc8cd4ada14cdfe806ae453d0c970be9393ec43ced93b5f2ced22457c1bdf3,OK
3104908,Baependi,MG,3104908,52.05,1962,,CODIGO_IBGE,IDSC-BR,buscarAllPerfilCidadeDetalhes,Instituto Cidades Sustentáveis / IDSC-BR,https://www.cidadessustentaveis.org.br/api/idsc-br/buscarAllPerfilCidadeDetalhes,2026-09-01T10:54:12Z,a728154af8e01ea786818aae8201da3a0f6bb1ec685b77d642ad5d2d874e7fda,OK
3105004,Baldim,MG,3105004,51.07,2374,,CODIGO_IBGE,IDSC-BR,buscarAllPerfilCidadeDetalhes,Instituto Cidades Sustentáveis / IDSC-BR,https://www.cidadessustentaveis.org.br/api/idsc-br/buscarAllPerfilCidadeDetalhes,2026-09-01T10:54:12Z,96e94977cc43d5f6e37d23aedff3c8dfc3f7907a65b73f5a8cfdb9724ccfb299,OK
3105103,Bambuí,MG,3105103,47.38,3826,,CODIGO_IBGE,IDSC-BR,buscarAllPerfilCidadeDetalhes,Instituto Cidades Sustentáveis / IDSC-BR,https://www.cidadessustentaveis.org.br/api/idsc-br/buscarAllPerfilCidadeDetalhes,2026-09-01T10:54:12Z,45d2487a509818fc09594bb82bcba0fb5bfbe6d8a99c687748fd24fc6f4fbc93,OK
3105202,Bandeira,MG,3105202,50.6,2570,,CODIGO_IBGE,IDSC-BR,buscarAllPerfilCidadeDetalhes,Instituto Cidades Sustentáveis / IDSC-BR,https://www.cidadessustentaveis.org.br/api/idsc-br/buscarAllPerfilCidadeDetalhes,2026-09-01T10:54:12Z,c326df42aef38f242b6969cf691bdf02d6a0b68243439314b79f07344ddd9b81,OK
3105301,Bandeira do Sul,MG,3105301,53.39,1484,,CODIGO_IBGE,IDSC-BR,buscarAllPerfilCidadeDetalhes,Instituto Cidades Sustentáveis / IDSC-BR,https://www.cidadessustentaveis.org.br/api/idsc-br/buscarAllPerfilCidadeDetalhes,2026-09-01T10:54:12Z,a777eb9243dd72c58813a39ab6a4dc9589b3e92c9acd071b35e000c3e023ff00,OK
3105400,Barão de Cocais,MG,3105400,49.57,2980,,CODIGO_IBGE,IDSC-BR,buscarAllPerfilCidadeDetalhes,Instituto Cidades Sustentáveis / IDSC-BR,https://www.cidadessustentaveis.org.br/api/idsc-br/buscarAllPerfilCidadeDetalhes,2026-09-01T10:54:12Z,3ae4dc105bf032661beef503397459a717ed10e5d2f51104b35d172c002f1a7e,OK
3105509,Barão do Monte Alto,MG,3105509,53.23,1548,,CODIGO_IBGE,IDSC-BR,buscarAllPerfilCidadeDetalhes,Instituto Cidades Sustentáveis / IDSC-BR,https://www.cidadessustentaveis.org.br/api/idsc-br/buscarAllPerfilCidadeDetalhes,2026-09-01T10:54:12Z,752ca4ee52e48baee6d2a831d7317b335133ba28a0f0aa1cc189f5c34497f5e8,OK
3105608,Barbacena,MG,3105608,52.44,1836,,CODIGO_IBGE,IDSC-BR,buscarAllPerfilCidadeDetalhes,Instituto Cidades Sustentáveis / IDSC-BR,https://www.cidadessustentaveis.org.br/api/idsc-br/buscarAllPerfilCidadeDetalhes,2026-09-01T10:54:12Z,37fbf0b4811b68c3d8c234221005b2f34ce92dfa1de3a4603d10fdf14a0aa847,OK
3105707,Barra Longa,MG,3105707,51.61,2145,,CODIGO_IBGE,IDSC-BR,buscarAllPerfilCidadeDetalhes,Instituto Cidades Sustentáveis / IDSC-BR,https://www.cidadessustentaveis.org.br/api/idsc-br/buscarAllPerfilCidadeDetalhes,2026-09-01T10:54:12Z,bf255974228030baf955065100cdde4ffdfe3a3fc9703f5e3dd12bc82afb1e85,OK
3105905,Barroso,MG,3105905,48.35,3472,,CODIGO_IBGE,IDSC-BR,buscarAllPerfilCidadeDetalhes,Instituto Cidades Sustentáveis / IDSC-BR,https://www.cidadessustentaveis.org.br/api/idsc-br/buscarAllPerfilCidadeDetalhes,2026-09-01T10:54:12Z,2e3d6b233ebbf94c71786ee020c90b99007a00dd9e4433a2afce2cd3feddc646,OK
3106002,Bela Vista de Minas,MG,3106002,53.69,1388,,CODIGO_IBGE,IDSC-BR,buscarAllPerfilCidadeDetalhes,Instituto Cidades Sustentáveis / IDSC-BR,https://www.cidadessustentaveis.org.br/api/idsc-br/buscarAllPerfilCidadeDetalhes,2026-09-01T10:54:12Z,fd6e7c614b14ec398383215381afbd7ffd3b24f0c77c1cbcb589173fa1b223c0,OK
3106101,Belmiro Braga,MG,3106101,54.98,1017,,CODIGO_IBGE,IDSC-BR,buscarAllPerfilCidadeDetalhes,Instituto Cidades Sustentáveis / IDSC-BR,https://www.cidadessustentaveis.org.br/api/idsc-br/buscarAllPerfilCidadeDetalhes,2026-09-01T10:54:12Z,0f3a8b2eccc559d70471ef558da473fd0cebd18eb7a7aacbed92d44e08ad0757,OK
3106200,Belo Horizonte,MG,3106200,54.35,1188,,CODIGO_IBGE,IDSC-BR,buscarAllPerfilCidadeDetalhes,Instituto Cidades Sustentáveis / IDSC-BR,https://www.cidadessustentaveis.org.br/api/idsc-br/buscarAllPerfilCidadeDetalhes,2026-09-01T10:54:12Z,9b05a78ab6a1b7467257f4e41663e17b588e2446b16d61a413345f8655185383,OK
3106309,Belo Oriente,MG,3106309,44.88,4613,,CODIGO_IBGE,IDSC-BR,buscarAllPerfilCidadeDetalhes,Instituto Cidades Sustentáveis / IDSC-BR,https://www.cidadessustentaveis.org.br/api/idsc-br/buscarAllPerfilCidadeDetalhes,2026-09-01T10:54:12Z,f46458f038e23793f2dd714c5ca4f8ed0b6ba47c7bd8436cfae8eb819d2c82dd,OK
3106408,Belo Vale,MG,3106408,52.21,1915,,CODIGO_IBGE,IDSC-BR,buscarAllPerfilCidadeDetalhes,Instituto Cidades Sustentáveis / IDSC-BR,https://www.cidadessustentaveis.org.br/api/idsc-br/buscarAllPerfilCidadeDetalhes,2026-09-01T10:54:12Z,e92c5ad82e76fd0b5075f8771ca331346719841926c522bf0c832fadb80d8707,OK
3106507,Berilo,MG,3106507,51.31,2275,,CODIGO_IBGE,IDSC-BR,buscarAllPerfilCidadeDetalhes,Instituto Cidades Sustentáveis / IDSC-BR,https://www.cidadessustentaveis.org.br/api/idsc-br/buscarAllPerfilCidadeDetalhes,2026-09-01T10:54:12Z,467de4024987db51b3771ad73fc9e07cdc5049169aa857bbbd8dca65c15b2573,OK
3106606,Bertópolis,MG,3106606,44.64,4684,,CODIGO_IBGE,IDSC-BR,buscarAllPerfilCidadeDetalhes,Instituto Cidades Sustentáveis / IDSC-BR,https://www.cidadessustentaveis.org.br/api/idsc-br/buscarAllPerfilCidadeDetalhes,2026-09-01T10:54:12Z,e02e5338e0eb1a3e2759c9febcdec9fa72ec9b89566f0626c1f238429ac84435,OK
3106655,Berizal,MG,3106655,51.5,2197,,CODIGO_IBGE,IDSC-BR,buscarAllPerfilCidadeDetalhes,Instituto Cidades Sustentáveis / IDSC-BR,https://www.cidadessustentaveis.org.br/api/idsc-br/buscarAllPerfilCidadeDetalhes,2026-09-01T10:54:12Z,c8ee600850fd2805e7ba64834074f278e1fa5b18cd08ba64cb31ae4888f3f8a0,OK
3106705,Betim,MG,3106705,51.56,2162,,CODIGO_IBGE,IDSC-BR,buscarAllPerfilCidadeDetalhes,Instituto Cidades Sustentáveis / IDSC-BR,https://www.cidadessustentaveis.org.br/api/idsc-br/buscarAllPerfilCidadeDetalhes,2026-09-01T10:54:12Z,46e95c5795bf050b20144aa6d82c1c5b79b25e54479f9e11082b7dc9ac8cd4b0,OK
3106804,Bias Fortes,MG,3106804,49.41,3031,,CODIGO_IBGE,IDSC-BR,buscarAllPerfilCidadeDetalhes,Instituto Cidades Sustentáveis / IDSC-BR,https://www.cidadessustentaveis.org.br/api/idsc-br/buscarAllPerfilCidadeDetalhes,2026-09-01T10:54:12Z,7763199dc3670d593053a7e4d3f59ee376ce2d82eafaa171f2ad7cfaeb1ca6e3,OK
3106903,Bicas,MG,3106903,47.49,3788,,CODIGO_IBGE,IDSC-BR,buscarAllPerfilCidadeDetalhes,Instituto Cidades Sustentáveis / IDSC-BR,https://www.cidadessustentaveis.org.br/api/idsc-br/buscarAllPerfilCidadeDetalhes,2026-09-01T10:54:12Z,87160a65e7f53216d1d7a7ffc19963fa9c7ef2ae2491346611e30dfc3bc6c503,OK
3107000,Biquinhas,MG,3107000,55.01,1013,,CODIGO_IBGE,IDSC-BR,buscarAllPerfilCidadeDetalhes,Instituto Cidades Sustentáveis / IDSC-BR,https://www.cidadessustentaveis.org.br/api/idsc-br/buscarAllPerfilCidadeDetalhes,2026-09-01T10:54:12Z,da4b85647d79003884113da3d620557e6d5202094b9d2f2fafeb6217ee803664,OK
3107109,Boa Esperança,MG,3107109,57.52,484,,CODIGO_IBGE,IDSC-BR,buscarAllPerfilCidadeDetalhes,Instituto Cidades Sustentáveis / IDSC-BR,https://www.cidadessustentaveis.org.br/api/idsc-br/buscarAllPerfilCidadeDetalhes,2026-09-01T10:54:12Z,30b70cc27eba08b19b0a5f3546a4bd84375758b49437ef1998ce5a264d780a14,OK
3107208,Bocaina de Minas,MG,3107208,49.4,3037,,CODIGO_IBGE,IDSC-BR,buscarAllPerfilCidadeDetalhes,Instituto Cidades Sustentáveis / IDSC-BR,https://www.cidadessustentaveis.org.br/api/idsc-br/buscarAllPerfilCidadeDetalhes,2026-09-01T10:54:12Z,41de4c854e8ec035aeb86c2d5bbdf7ff35db8347d56d9ac2437073add088743f,OK
3107307,Bocaiúva,MG,3107307,46.72,4068,,CODIGO_IBGE,IDSC-BR,buscarAllPerfilCidadeDetalhes,Instituto Cidades Sustentáveis / IDSC-BR,https://www.cidadessustentaveis.org.br/api/idsc-br/buscarAllPerfilCidadeDetalhes,2026-09-01T10:54:12Z,f32e5be5773d0a49682eec36e0f13950cbad409cd2ac06221dad76d3728f324c,OK
3107406,Bom Despacho,MG,3107406,55.05,999,,CODIGO_IBGE,IDSC-BR,buscarAllPerfilCidadeDetalhes,Instituto Cidades Sustentáveis / IDSC-BR,https://www.cidadessustentaveis.org.br/api/idsc-br/buscarAllPerfilCidadeDetalhes,2026-09-01T10:54:12Z,eeaf401bf5eea0b4778bb1de444afdd03ca6ac287dfbeb154b2caf2a793ec2b5,OK
3107505,Bom Jardim de Minas,MG,3107505,51.55,2167,,CODIGO_IBGE,IDSC-BR,buscarAllPerfilCidadeDetalhes,Instituto Cidades Sustentáveis / IDSC-BR,https://www.cidadessustentaveis.org.br/api/idsc-br/buscarAllPerfilCidadeDetalhes,2026-09-01T10:54:12Z,b1dd9c42f046fe0ccc61049151a568346063213b076de174fcd42ce284895770,OK
3107604,Bom Jesus da Penha,MG,3107604,55.64,865,,CODIGO_IBGE,IDSC-BR,buscarAllPerfilCidadeDetalhes,Instituto Cidades Sustentáveis / IDSC-BR,https://www.cidadessustentaveis.org.br/api/idsc-br/buscarAllPerfilCidadeDetalhes,2026-09-01T10:54:12Z,e1ed761e4dfdb35e59c1c330e40aa8bce189391441661100c901939bd5aec5f2,OK
3107703,Bom Jesus do Amparo,MG,3107703,51.76,2081,,CODIGO_IBGE,IDSC-BR,buscarAllPerfilCidadeDetalhes,Instituto Cidades Sustentáveis / IDSC-BR,https://www.cidadessustentaveis.org.br/api/idsc-br/buscarAllPerfilCidadeDetalhes,2026-09-01T10:54:12Z,1818c686662f33532df14e9f59257113f91e12608c8ff98671fb840b33bcfbe7,OK
3107802,Bom Jesus do Galho,MG,3107802,46.91,3994,,CODIGO_IBGE,IDSC-BR,buscarAllPerfilCidadeDetalhes,Instituto Cidades Sustentáveis / IDSC-BR,https://www.cidadessustentaveis.org.br/api/idsc-br/buscarAllPerfilCidadeDetalhes,2026-09-01T10:54:12Z,9ea3d54677be157df3762278e80f35f41e4095d83c781924df92a4c90bca72c5,OK
3107901,Bom Repouso,MG,3107901,60.15,160,,CODIGO_IBGE,IDSC-BR,buscarAllPerfilCidadeDetalhes,Instituto Cidades Sustentáveis / IDSC-BR,https://www.cidadessustentaveis.org.br/api/idsc-br/buscarAllPerfilCidadeDetalhes,2026-09-01T10:54:12Z,d56e20d752175361baf4bdeca652506067dff7d20caaa257ffa6d0ab7e53fa3e,OK
3108008,Bom Sucesso,MG,3108008,58.53,334,,CODIGO_IBGE,IDSC-BR,buscarAllPerfilCidadeDetalhes,Instituto Cidades Sustentáveis / IDSC-BR,https://www.cidadessustentaveis.org.br/api/idsc-br/buscarAllPerfilCidadeDetalhes,2026-09-01T10:54:12Z,db88f775c24910572c131fce272ebccadb68cf0616949723dbc1884539692b83,OK
3108107,Bonfim,MG,3108107,52.59,1776,,CODIGO_IBGE,IDSC-BR,buscarAllPerfilCidadeDetalhes,Instituto Cidades Sustentáveis / IDSC-BR,https://www.cidadessustentaveis.org.br/api/idsc-br/buscarAllPerfilCidadeDetalhes,2026-09-01T10:54:12Z,4f29dfd2a7d49fc20d5be289eb5db89bf80f896c70b4233b93253d3c947d012a,OK
3108206,Bonfinópolis de Minas,MG,3108206,50.83,2467,,CODIGO_IBGE,IDSC-BR,buscarAllPerfilCidadeDetalhes,Instituto Cidades Sustentáveis / IDSC-BR,https://www.cidadessustentaveis.org.br/api/idsc-br/buscarAllPerfilCidadeDetalhes,2026-09-01T10:54:12Z,31efbec15d4e0318560d25445d2d71e46ff3c93b27288db0a3dcd3fd525d3b73,OK
3108255,Bonito de Minas,MG,3108255,51.94,2010,,CODIGO_IBGE,IDSC-BR,buscarAllPerfilCidadeDetalhes,Instituto Cidades Sustentáveis / IDSC-BR,https://www.cidadessustentaveis.org.br/api/idsc-br/buscarAllPerfilCidadeDetalhes,2026-09-01T10:54:12Z,8c1a4ce0e228a0f97a8765147a799f65c96521f4a45e495c11b51eacc473e33c,OK
3108305,Borda da Mata,MG,3108305,61.94,52,,CODIGO_IBGE,IDSC-BR,buscarAllPerfilCidadeDetalhes,Instituto Cidades Sustentáveis / IDSC-BR,https://www.cidadessustentaveis.org.br/api/idsc-br/buscarAllPerfilCidadeDetalhes,2026-09-01T10:54:12Z,4f7c14087841c7525a1f2c96c084663eb6ae12059d21b8c5dc077864837f7745,OK
3108404,Botelhos,MG,3108404,53.45,1463,,CODIGO_IBGE,IDSC-BR,buscarAllPerfilCidadeDetalhes,Instituto Cidades Sustentáveis / IDSC-BR,https://www.cidadessustentaveis.org.br/api/idsc-br/buscarAllPerfilCidadeDetalhes,2026-09-01T10:54:12Z,42068250e33c321f195b4a833abc62587a9a63c7f614bdc62cdf2b7eabfebaaa,OK
3108503,Botumirim,MG,3108503,55.41,918,,CODIGO_IBGE,IDSC-BR,buscarAllPerfilCidadeDetalhes,Instituto Cidades Sustentáveis / IDSC-BR,https://www.cidadessustentaveis.org.br/api/idsc-br/buscarAllPerfilCidadeDetalhes,2026-09-01T10:54:12Z,b41a4c3f2782be30067d6379023c856152148b4939c0da6c556de880a0775eb4,OK
3108552,Brasilândia de Minas,MG,3108552,47.36,3838,,CODIGO_IBGE,IDSC-BR,buscarAllPerfilCidadeDetalhes,Instituto Cidades Sustentáveis / IDSC-BR,https://www.cidadessustentaveis.org.br/api/idsc-br/buscarAllPerfilCidadeDetalhes,2026-09-01T10:54:12Z,0b1cc3ac9c82d3af5256a8a8f4621c0dfcd39cf0a074b8f73d5637fb0de9478e,OK
3108602,Brasília de Minas,MG,3108602,59.04,261,,CODIGO_IBGE,IDSC-BR,buscarAllPerfilCidadeDetalhes,Instituto Cidades Sustentáveis / IDSC-BR,https://www.cidadessustentaveis.org.br/api/idsc-br/buscarAllPerfilCidadeDetalhes,2026-09-01T10:54:12Z,f0707698304e0d3fa2670eea26afe4e39eed3cc1e7b97bab5d4177be192905ed,OK
3108701,Brás Pires,MG,3108701,53.91,1320,,CODIGO_IBGE,IDSC-BR,buscarAllPerfilCidadeDetalhes,Instituto Cidades Sustentáveis / IDSC-BR,https://www.cidadessustentaveis.org.br/api/idsc-br/buscarAllPerfilCidadeDetalhes,2026-09-01T10:54:12Z,a2060d8f381cdf63256927e2d5a334a23759eaab21a0030bb5ad8b519f93e768,OK
3108800,Braúnas,MG,3108800,53.94,1311,,CODIGO_IBGE,IDSC-BR,buscarAllPerfilCidadeDetalhes,Instituto Cidades Sustentáveis / IDSC-BR,https://www.cidadessustentaveis.org.br/api/idsc-br/buscarAllPerfilCidadeDetalhes,2026-09-01T10:54:12Z,d2dcd3699d925479558b24bd8984fc826bdda8839c6eed2c29f2aa256ac97e93,OK
3108909,Brazópolis,MG,3108909,54.28,1206,,CODIGO_IBGE,IDSC-BR,buscarAllPerfilCidadeDetalhes,Instituto Cidades Sustentáveis / IDSC-BR,https://www.cidadessustentaveis.org.br/api/idsc-br/buscarAllPerfilCidadeDetalhes,2026-09-01T10:54:12Z,31bd20535ac98a1822190ff29885570bfd759f4abd6b6e2b60e0d5eaa9600acb,OK
3109006,Brumadinho,MG,3109006,55.02,1009,,CODIGO_IBGE,IDSC-BR,buscarAllPerfilCidadeDetalhes,Instituto Cidades Sustentáveis / IDSC-BR,https://www.cidadessustentaveis.org.br/api/idsc-br/buscarAllPerfilCidadeDetalhes,2026-09-01T10:54:12Z,a68ee573b2186a3326943a3df38ed97fd17d60bf6027610e934df0cfbfcd6bfc,OK
3109105,Bueno Brandão,MG,3109105,58.51,336,,CODIGO_IBGE,IDSC-BR,buscarAllPerfilCidadeDetalhes,Instituto Cidades Sustentáveis / IDSC-BR,https://www.cidadessustentaveis.org.br/api/idsc-br/buscarAllPerfilCidadeDetalhes,2026-09-01T10:54:12Z,086a6f16685171dea77fb8d26ca23cf8d58f0f018945afcee941a623e2c55b92,OK
3109204,Buenópolis,MG,3109204,56.31,715,,CODIGO_IBGE,IDSC-BR,buscarAllPerfilCidadeDetalhes,Instituto Cidades Sustentáveis / IDSC-BR,https://www.cidadessustentaveis.org.br/api/idsc-br/buscarAllPerfilCidadeDetalhes,2026-09-01T10:54:12Z,8302c8673f23f17c27d8ab18e89002bdfd82638e556cf337185b9102b0ca8b34,OK
3109253,Bugre,MG,3109253,50.05,2793,,CODIGO_IBGE,IDSC-BR,buscarAllPerfilCidadeDetalhes,Instituto Cidades Sustentáveis / IDSC-BR,https://www.cidadessustentaveis.org.br/api/idsc-br/buscarAllPerfilCidadeDetalhes,2026-09-01T10:54:12Z,ef6950166a505175ff626a0f7dfc0dc7c7999fc5a5fe90c6e83712f3615201aa,OK
3109303,Buritis,MG,3109303,45.8,4349,,CODIGO_IBGE,IDSC-BR,buscarAllPerfilCidadeDetalhes,Instituto Cidades Sustentáveis / IDSC-BR,https://www.cidadessustentaveis.org.br/api/idsc-br/buscarAllPerfilCidadeDetalhes,2026-09-01T10:54:12Z,8ccf2a46bdce86a6e63a57c58ada226a9fa6c5e865d261d4c125c05eb14c7b17,OK
3109402,Buritizeiro,MG,3109402,43.28,4953,,CODIGO_IBGE,IDSC-BR,buscarAllPerfilCidadeDetalhes,Instituto Cidades Sustentáveis / IDSC-BR,https://www.cidadessustentaveis.org.br/api/idsc-br/buscarAllPerfilCidadeDetalhes,2026-09-01T10:54:12Z,2eb593eafe6770fd86a451870b23a8a96207a118625b00440f4ee748b0ee1379,OK
3109451,Cabeceira Grande,MG,3109451,53.22,1551,,CODIGO_IBGE,IDSC-BR,buscarAllPerfilCidadeDetalhes,Instituto Cidades Sustentáveis / IDSC-BR,https://www.cidadessustentaveis.org.br/api/idsc-br/buscarAllPerfilCidadeDetalhes,2026-09-01T10:54:12Z,bb47cd5f283a392d3a586532ea819228a429011ce2099604605ea6cbc9dc8f91,OK
3109501,Cabo Verde,MG,3109501,57.97,413,,CODIGO_IBGE,IDSC-BR,buscarAllPerfilCidadeDetalhes,Instituto Cidades Sustentáveis / IDSC-BR,https://www.cidadessustentaveis.org.br/api/idsc-br/buscarAllPerfilCidadeDetalhes,2026-09-01T10:54:12Z,b922c325da274821de568d8c91afb93b4c3520050715e6a4fe2f5cf4222807ea,OK
3109600,Cachoeira da Prata,MG,3109600,54.6,1113,,CODIGO_IBGE,IDSC-BR,buscarAllPerfilCidadeDetalhes,Instituto Cidades Sustentáveis / IDSC-BR,https://www.cidadessustentaveis.org.br/api/idsc-br/buscarAllPerfilCidadeDetalhes,2026-09-01T10:54:12Z,528dc5f69e1c073b3545378444ceafeac0dba923233c69ff5b32e049f07f8ddb,OK
3109709,Cachoeira de Minas,MG,3109709,55.68,854,,CODIGO_IBGE,IDSC-BR,buscarAllPerfilCidadeDetalhes,Instituto Cidades Sustentáveis / IDSC-BR,https://www.cidadessustentaveis.org.br/api/idsc-br/buscarAllPerfilCidadeDetalhes,2026-09-01T10:54:12Z,9e3e59afc5bb558f14fe05bebea8f0f4db1be540e6ee6379c8291b2d9d18bea9,OK
3109808,Cachoeira Dourada,MG,3109808,58.31,374,,CODIGO_IBGE,IDSC-BR,buscarAllPerfilCidadeDetalhes,Instituto Cidades Sustentáveis / IDSC-BR,https://www.cidadessustentaveis.org.br/api/idsc-br/buscarAllPerfilCidadeDetalhes,2026-09-01T10:54:12Z,f62d3330e98d216d8b71b3d1c6871b4ea1ff78942cf0ddbcca259dbc78973b79,OK
3109907,Caetanópolis,MG,3109907,49.94,2836,,CODIGO_IBGE,IDSC-BR,buscarAllPerfilCidadeDetalhes,Instituto Cidades Sustentáveis / IDSC-BR,https://www.cidadessustentaveis.org.br/api/idsc-br/buscarAllPerfilCidadeDetalhes,2026-09-01T10:54:12Z,81adb792d1398f986c0aa6d7ba3ceac377ae65ca6487923126f21284b9c4d419,OK
3110004,Caeté,MG,3110004,49.3,3075,,CODIGO_IBGE,IDSC-BR,buscarAllPerfilCidadeDetalhes,Instituto Cidades Sustentáveis / IDSC-BR,https://www.cidadessustentaveis.org.br/api/idsc-br/buscarAllPerfilCidadeDetalhes,2026-09-01T10:54:12Z,60b8bd278fa58610c295fe0bd338a2123573435a8b4eca3dd554495ad41c2c26,OK
3110103,Caiana,MG,3110103,52.0,1991,,CODIGO_IBGE,IDSC-BR,buscarAllPerfilCidadeDetalhes,Instituto Cidades Sustentáveis / IDSC-BR,https://www.cidadessustentaveis.org.br/api/idsc-br/buscarAllPerfilCidadeDetalhes,2026-09-01T10:54:12Z,f0ed1ccd683c8eb41fd7d184f42b2a5c4328432fb7c63917f9ed00d77fab83d9,OK
3110202,Cajuri,MG,3110202,55.12,977,,CODIGO_IBGE,IDSC-BR,buscarAllPerfilCidadeDetalhes,Instituto Cidades Sustentáveis / IDSC-BR,https://www.cidadessustentaveis.org.br/api/idsc-br/buscarAllPerfilCidadeDetalhes,2026-09-01T10:54:12Z,e04d328ed7de3112be59e70e010ce0a72673b8617113d9bd9f5bd8368f350f4f,OK
3110301,Caldas,MG,3110301,50.05,2788,,CODIGO_IBGE,IDSC-BR,buscarAllPerfilCidadeDetalhes,Instituto Cidades Sustentáveis / IDSC-BR,https://www.cidadessustentaveis.org.br/api/idsc-br/buscarAllPerfilCidadeDetalhes,2026-09-01T10:54:12Z,4671ec2cf836c7e2bae13267f9bd8074775844965ca0bbea14d15166893480c8,OK
3110400,Camacho,MG,3110400,57.79,443,,CODIGO_IBGE,IDSC-BR,buscarAllPerfilCidadeDetalhes,Instituto Cidades Sustentáveis / IDSC-BR,https://www.cidadessustentaveis.org.br/api/idsc-br/buscarAllPerfilCidadeDetalhes,2026-09-01T10:54:12Z,ff2a3dd5552a975cff94538391266d99a70c70a16c98b85ad6ecbd87012b27ba,OK
3110509,Camanducaia,MG,3110509,56.62,640,,CODIGO_IBGE,IDSC-BR,buscarAllPerfilCidadeDetalhes,Instituto Cidades Sustentáveis / IDSC-BR,https://www.cidadessustentaveis.org.br/api/idsc-br/buscarAllPerfilCidadeDetalhes,2026-09-01T10:54:12Z,e75d6b6d8d93e1dcfded861b1e5aafa334f1dcf803d6268481f58e1b937e5fb7,OK
3110608,Cambuí,MG,3110608,54.51,1142,,CODIGO_IBGE,IDSC-BR,buscarAllPerfilCidadeDetalhes,Instituto Cidades Sustentáveis / IDSC-BR,https://www.cidadessustentaveis.org.br/api/idsc-br/buscarAllPerfilCidadeDetalhes,2026-09-01T10:54:12Z,55050e76ff58be2b7b173cb27a3bc12e521eabfb729d72d9f95c41fe64db2b5d,OK
3110707,Cambuquira,MG,3110707,53.04,1601,,CODIGO_IBGE,IDSC-BR,buscarAllPerfilCidadeDetalhes,Instituto Cidades Sustentáveis / IDSC-BR,https://www.cidadessustentaveis.org.br/api/idsc-br/buscarAllPerfilCidadeDetalhes,2026-09-01T10:54:12Z,9ea18c363304f1514767f88a57651eeaa380899d17b0aef1a765b37a7d47a603,OK
3110806,Campanário,MG,3110806,47.75,3706,,CODIGO_IBGE,IDSC-BR,buscarAllPerfilCidadeDetalhes,Instituto Cidades Sustentáveis / IDSC-BR,https://www.cidadessustentaveis.org.br/api/idsc-br/buscarAllPerfilCidadeDetalhes,2026-09-01T10:54:12Z,b1ef1cbda91c8d0abb271bb40b14da91de8502c4df202a67d084e0a76c24df5b,OK
3110905,Campanha,MG,3110905,54.68,1094,,CODIGO_IBGE,IDSC-BR,buscarAllPerfilCidadeDetalhes,Instituto Cidades Sustentáveis / IDSC-BR,https://www.cidadessustentaveis.org.br/api/idsc-br/buscarAllPerfilCidadeDetalhes,2026-09-01T10:54:12Z,9b33a7e1ace50be00fe407fabf900343eb92441cfeaf76e9924cf38ebf85c11a,OK
3111002,Campestre,MG,3111002,52.29,1884,,CODIGO_IBGE,IDSC-BR,buscarAllPerfilCidadeDetalhes,Instituto Cidades Sustentáveis / IDSC-BR,https://www.cidadessustentaveis.org.br/api/idsc-br/buscarAllPerfilCidadeDetalhes,2026-09-01T10:54:12Z,835f83348b1e09d3e6c47bae9f59ac27595eb1cadf1298744cc84919a13aebd8,OK
3111101,Campina Verde,MG,3111101,58.48,341,,CODIGO_IBGE,IDSC-BR,buscarAllPerfilCidadeDetalhes,Instituto Cidades Sustentáveis / IDSC-BR,https://www.cidadessustentaveis.org.br/api/idsc-br/buscarAllPerfilCidadeDetalhes,2026-09-01T10:54:12Z,735e413e0a87f48a3b3f678e4d8198ba85b05517cf823a36618200022e44c232,OK
3111150,Campo Azul,MG,3111150,51.98,1995,,CODIGO_IBGE,IDSC-BR,buscarAllPerfilCidadeDetalhes,Instituto Cidades Sustentáveis / IDSC-BR,https://www.cidadessustentaveis.org.br/api/idsc-br/buscarAllPerfilCidadeDetalhes,2026-09-01T10:54:12Z,3775922046f5a625781c6e8dbdc25c1f0a5410799b6c7cf7c05f322184bdd824,OK
3111200,Campo Belo,MG,3111200,52.07,1955,,CODIGO_IBGE,IDSC-BR,buscarAllPerfilCidadeDetalhes,Instituto Cidades Sustentáveis / IDSC-BR,https://www.cidadessustentaveis.org.br/api/idsc-br/buscarAllPerfilCidadeDetalhes,2026-09-01T10:54:12Z,d84c2a7fd77247449cd372baf236f1dd31f292ee99b4f9d8d3070e3c52be456d,OK
3111309,Campo do Meio,MG,3111309,50.72,2519,,CODIGO_IBGE,IDSC-BR,buscarAllPerfilCidadeDetalhes,Instituto Cidades Sustentáveis / IDSC-BR,https://www.cidadessustentaveis.org.br/api/idsc-br/buscarAllPerfilCidadeDetalhes,2026-09-01T10:54:12Z,d9a434a7b02e7b49e683adba552336d06cae6c9e101dd31cba449f385bef881a,OK
3111408,Campo Florido,MG,3111408,48.15,3549,,CODIGO_IBGE,IDSC-BR,buscarAllPerfilCidadeDetalhes,Instituto Cidades Sustentáveis / IDSC-BR,https://www.cidadessustentaveis.org.br/api/idsc-br/buscarAllPerfilCidadeDetalhes,2026-09-01T10:54:12Z,ea1c20cb012a68802479368f21c2dbd3874a1814d9842f1fb5d4ef75e29b8992,OK
3111507,Campos Altos,MG,3111507,48.49,3412,,CODIGO_IBGE,IDSC-BR,buscarAllPerfilCidadeDetalhes,Instituto Cidades Sustentáveis / IDSC-BR,https://www.cidadessustentaveis.org.br/api/idsc-br/buscarAllPerfilCidadeDetalhes,2026-09-01T10:54:12Z,b277d1623476ee293a07691644cc4f696f4d353f096c541f05e1c8faf1d99c39,OK
3111606,Campos Gerais,MG,3111606,54.86,1054,,CODIGO_IBGE,IDSC-BR,buscarAllPerfilCidadeDetalhes,Instituto Cidades Sustentáveis / IDSC-BR,https://www.cidadessustentaveis.org.br/api/idsc-br/buscarAllPerfilCidadeDetalhes,2026-09-01T10:54:12Z,87fb203d742a72de7502e9a3c6c5ef39b5bf51aad47c42752508d7d58a5749e1,OK
3111705,Canaã,MG,3111705,51.36,2254,,CODIGO_IBGE,IDSC-BR,buscarAllPerfilCidadeDetalhes,Instituto Cidades Sustentáveis / IDSC-BR,https://www.cidadessustentaveis.org.br/api/idsc-br/buscarAllPerfilCidadeDetalhes,2026-09-01T10:54:12Z,fc429dd5c36e0d0e1465857b037e55ab87aee7834dd120707734b2edadb99a3e,OK
3111804,Canápolis,MG,3111804,48.61,3357,,CODIGO_IBGE,IDSC-BR,buscarAllPerfilCidadeDetalhes,Instituto Cidades Sustentáveis / IDSC-BR,https://www.cidadessustentaveis.org.br/api/idsc-br/buscarAllPerfilCidadeDetalhes,2026-09-01T10:54:12Z,73bf192f66292d9cf6c45e4e19262b1ccbee12a21258f23245d8a84bd4f8f684,OK
3111903,Cana Verde,MG,3111903,56.5,668,,CODIGO_IBGE,IDSC-BR,buscarAllPerfilCidadeDetalhes,Instituto Cidades Sustentáveis / IDSC-BR,https://www.cidadessustentaveis.org.br/api/idsc-br/buscarAllPerfilCidadeDetalhes,2026-09-01T10:54:12Z,dadd212c5705fdda1ffb59ff4dded9a4236b9a30a0aad9da583da9ad37d1f9a8,OK
3112000,Candeias,MG,3112000,48.83,3273,,CODIGO_IBGE,IDSC-BR,buscarAllPerfilCidadeDetalhes,Instituto Cidades Sustentáveis / IDSC-BR,https://www.cidadessustentaveis.org.br/api/idsc-br/buscarAllPerfilCidadeDetalhes,2026-09-01T10:54:12Z,eac540456b90ee34bab694fe711536c180bc7690f1ff0fafadc413980818e8fb,OK
3112059,Cantagalo,MG,3112059,49.35,3058,,CODIGO_IBGE,IDSC-BR,buscarAllPerfilCidadeDetalhes,Instituto Cidades Sustentáveis / IDSC-BR,https://www.cidadessustentaveis.org.br/api/idsc-br/buscarAllPerfilCidadeDetalhes,2026-09-01T10:54:12Z,f4aba9b9f6b4f83225d803287781b9124e0187f7ebc3a651bff409b6ed936f2d,OK
3112109,Caparaó,MG,3112109,51.77,2077,,CODIGO_IBGE,IDSC-BR,buscarAllPerfilCidadeDetalhes,Instituto Cidades Sustentáveis / IDSC-BR,https://www.cidadessustentaveis.org.br/api/idsc-br/buscarAllPerfilCidadeDetalhes,2026-09-01T10:54:12Z,f1c1096d221e2913b5d00fc02cc45496edf9e69e1a2710cadc649b8864bb32ff,OK
3112208,Capela Nova,MG,3112208,50.7,2528,,CODIGO_IBGE,IDSC-BR,buscarAllPerfilCidadeDetalhes,Instituto Cidades Sustentáveis / IDSC-BR,https://www.cidadessustentaveis.org.br/api/idsc-br/buscarAllPerfilCidadeDetalhes,2026-09-01T10:54:12Z,fb86c7b14acfeb9c722bcbb469cf635bbdb7ae88478b67a0eab24687a48f9662,OK
3112307,Capelinha,MG,3112307,46.07,4268,,CODIGO_IBGE,IDSC-BR,buscarAllPerfilCidadeDetalhes,Instituto Cidades Sustentáveis / IDSC-BR,https://www.cidadessustentaveis.org.br/api/idsc-br/buscarAllPerfilCidadeDetalhes,2026-09-01T10:54:12Z,217fdd7b772b9a06d9327ae4ad2790003d3985f00fdeb28ad94ac01ff4001e9b,OK
3112406,Capetinga,MG,3112406,54.85,1059,,CODIGO_IBGE,IDSC-BR,buscarAllPerfilCidadeDetalhes,Instituto Cidades Sustentáveis / IDSC-BR,https://www.cidadessustentaveis.org.br/api/idsc-br/buscarAllPerfilCidadeDetalhes,2026-09-01T10:54:12Z,4763a1f832689f3a73dd5c1259e17b5a96de4fd866abb11cf6af8391c6c5a4b3,OK
3112505,Capim Branco,MG,3112505,52.54,1798,,CODIGO_IBGE,IDSC-BR,buscarAllPerfilCidadeDetalhes,Instituto Cidades Sustentáveis / IDSC-BR,https://www.cidadessustentaveis.org.br/api/idsc-br/buscarAllPerfilCidadeDetalhes,2026-09-01T10:54:12Z,8ba413689c3056c935931a126211a05594b44a62dcb20690c8a8a966a48cd025,OK
3112604,Capinópolis,MG,3112604,45.32,4490,,CODIGO_IBGE,IDSC-BR,buscarAllPerfilCidadeDetalhes,Instituto Cidades Sustentáveis / IDSC-BR,https://www.cidadessustentaveis.org.br/api/idsc-br/buscarAllPerfilCidadeDetalhes,2026-09-01T10:54:12Z,22d2b5c7faafc7d695598548b70182c05551fca35cf896d9a2b69912d02c6081,OK
3112653,Capitão Andrade,MG,3112653,51.07,2376,,CODIGO_IBGE,IDSC-BR,buscarAllPerfilCidadeDetalhes,Instituto Cidades Sustentáveis / IDSC-BR,https://www.cidadessustentaveis.org.br/api/idsc-br/buscarAllPerfilCidadeDetalhes,2026-09-01T10:54:12Z,3da490a4a2dcbaa523d05f165798096bbf2a62ad793a2aabd12bb3a03da6e9da,OK
3112703,Capitão Enéas,MG,3112703,49.6,2968,,CODIGO_IBGE,IDSC-BR,buscarAllPerfilCidadeDetalhes,Instituto Cidades Sustentáveis / IDSC-BR,https://www.cidadessustentaveis.org.br/api/idsc-br/buscarAllPerfilCidadeDetalhes,2026-09-01T10:54:12Z,9c85cf05e5fd51f8e739d8c6ed98b2603e739dd685677bd7c0c4d1c3a54480ec,OK
3112802,Capitólio,MG,3112802,58.54,331,,CODIGO_IBGE,IDSC-BR,buscarAllPerfilCidadeDetalhes,Instituto Cidades Sustentáveis / IDSC-BR,https://www.cidadessustentaveis.org.br/api/idsc-br/buscarAllPerfilCidadeDetalhes,2026-09-01T10:54:12Z,0610f65ad2923efcf18e0848d7b99f8eff138a9ad3b27a1e65dbdeb6ab41c89f,OK
3112901,Caputira,MG,3112901,49.26,3092,,CODIGO_IBGE,IDSC-BR,buscarAllPerfilCidadeDetalhes,Instituto Cidades Sustentáveis / IDSC-BR,https://www.cidadessustentaveis.org.br/api/idsc-br/buscarAllPerfilCidadeDetalhes,2026-09-01T10:54:12Z,997d515b884f6987f7dbec56e03d8a371687a62a60e76d7c2d2da9b2637b348a,OK
3113008,Caraí,MG,3113008,42.62,5069,,CODIGO_IBGE,IDSC-BR,buscarAllPerfilCidadeDetalhes,Instituto Cidades Sustentáveis / IDSC-BR,https://www.cidadessustentaveis.org.br/api/idsc-br/buscarAllPerfilCidadeDetalhes,2026-09-01T10:54:12Z,c698337b3bd7ce511a6debb49df1fc7efee0c6acee9b7ddc358ae226df393a4b,OK
3113107,Caranaíba,MG,3113107,51.19,2332,,CODIGO_IBGE,IDSC-BR,buscarAllPerfilCidadeDetalhes,Instituto Cidades Sustentáveis / IDSC-BR,https://www.cidadessustentaveis.org.br/api/idsc-br/buscarAllPerfilCidadeDetalhes,2026-09-01T10:54:12Z,6669a8f033758f4f007bc517932fd11c5983825587d935f3c7bca9365680551b,OK
3113206,Carandaí,MG,3113206,54.07,1276,,CODIGO_IBGE,IDSC-BR,buscarAllPerfilCidadeDetalhes,Instituto Cidades Sustentáveis / IDSC-BR,https://www.cidadessustentaveis.org.br/api/idsc-br/buscarAllPerfilCidadeDetalhes,2026-09-01T10:54:12Z,7752590f08f12be64817a26e3c7fc5201d8fbf516a8da43802a319cbed56a362,OK
3113305,Carangola,MG,3113305,51.96,2003,,CODIGO_IBGE,IDSC-BR,buscarAllPerfilCidadeDetalhes,Instituto Cidades Sustentáveis / IDSC-BR,https://www.cidadessustentaveis.org.br/api/idsc-br/buscarAllPerfilCidadeDetalhes,2026-09-01T10:54:12Z,14293da5155de8d344abd4c8c7f89a79a17dfe1dde5bb3789807b185e9dfa890,OK
3113404,Caratinga,MG,3113404,48.11,3565,,CODIGO_IBGE,IDSC-BR,buscarAllPerfilCidadeDetalhes,Instituto Cidades Sustentáveis / IDSC-BR,https://www.cidadessustentaveis.org.br/api/idsc-br/buscarAllPerfilCidadeDetalhes,2026-09-01T10:54:12Z,d1686a5ba64037abb395bc2059570414731200e330ed96441378bf2a1125393e,OK
3113503,Carbonita,MG,3113503,54.48,1154,,CODIGO_IBGE,IDSC-BR,buscarAllPerfilCidadeDetalhes,Instituto Cidades Sustentáveis / IDSC-BR,https://www.cidadessustentaveis.org.br/api/idsc-br/buscarAllPerfilCidadeDetalhes,2026-09-01T10:54:12Z,a11d262ba7e21193f419d9269304d40295d5b4fcfd94ec4d09fd182ffa450bb8,OK
3113602,Careaçu,MG,3113602,55.37,928,,CODIGO_IBGE,IDSC-BR,buscarAllPerfilCidadeDetalhes,Instituto Cidades Sustentáveis / IDSC-BR,https://www.cidadessustentaveis.org.br/api/idsc-br/buscarAllPerfilCidadeDetalhes,2026-09-01T10:54:12Z,4fae3caa87a677a3df6ccfa323944b99a43fd173ca91a69783b50aa84511165c,OK
3113701,Carlos Chagas,MG,3113701,46.38,4188,,CODIGO_IBGE,IDSC-BR,buscarAllPerfilCidadeDetalhes,Instituto Cidades Sustentáveis / IDSC-BR,https://www.cidadessustentaveis.org.br/api/idsc-br/buscarAllPerfilCidadeDetalhes,2026-09-01T10:54:12Z,eb9f376128a0cd721e93c3399f06c452dc77f909292ebcebe314eef33da7d492,OK
3113800,Carmésia,MG,3113800,58.3,377,,CODIGO_IBGE,IDSC-BR,buscarAllPerfilCidadeDetalhes,Instituto Cidades Sustentáveis / IDSC-BR,https://www.cidadessustentaveis.org.br/api/idsc-br/buscarAllPerfilCidadeDetalhes,2026-09-01T10:54:12Z,0b61a53119735d86bc714c93be54156f9ef7ccfcde4d9d08660b44bdfbfb47b4,OK
3113909,Carmo da Cachoeira,MG,3113909,48.34,3477,,CODIGO_IBGE,IDSC-BR,buscarAllPerfilCidadeDetalhes,Instituto Cidades Sustentáveis / IDSC-BR,https://www.cidadessustentaveis.org.br/api/idsc-br/buscarAllPerfilCidadeDetalhes,2026-09-01T10:54:12Z,08366bdebb5e1a81da01c0ec57ff2eee6d29dbe3a32e02b84a07437ac40da989,OK
3114006,Carmo da Mata,MG,3114006,48.66,3334,,CODIGO_IBGE,IDSC-BR,buscarAllPerfilCidadeDetalhes,Instituto Cidades Sustentáveis / IDSC-BR,https://www.cidadessustentaveis.org.br/api/idsc-br/buscarAllPerfilCidadeDetalhes,2026-09-01T10:54:12Z,049a8357c0317b8032f0206e26c19324fc2ef34128ad343d77b475ec80afd4d2,OK
3114105,Carmo de Minas,MG,3114105,50.09,2771,,CODIGO_IBGE,IDSC-BR,buscarAllPerfilCidadeDetalhes,Instituto Cidades Sustentáveis / IDSC-BR,https://www.cidadessustentaveis.org.br/api/idsc-br/buscarAllPerfilCidadeDetalhes,2026-09-01T10:54:12Z,1622b2d8ecdc8d1abb9ead782a36a2516ec6c8c3563f50d735bb61c20ce6b608,OK
3114204,Carmo do Cajuru,MG,3114204,51.34,2263,,CODIGO_IBGE,IDSC-BR,buscarAllPerfilCidadeDetalhes,Instituto Cidades Sustentáveis / IDSC-BR,https://www.cidadessustentaveis.org.br/api/idsc-br/buscarAllPerfilCidadeDetalhes,2026-09-01T10:54:12Z,38689ad36c4bc18be546b7e1113643e07df95834f0de03c0a21d508927500b4a,OK
3114303,Carmo do Paranaíba,MG,3114303,48.72,3311,,CODIGO_IBGE,IDSC-BR,buscarAllPerfilCidadeDetalhes,Instituto Cidades Sustentáveis / IDSC-BR,https://www.cidadessustentaveis.org.br/api/idsc-br/buscarAllPerfilCidadeDetalhes,2026-09-01T10:54:12Z,7097328187ca47066feffa565ba385d0e956870f281d6c11e35b2275c0c14964,OK
3114402,Carmo do Rio Claro,MG,3114402,52.45,1835,,CODIGO_IBGE,IDSC-BR,buscarAllPerfilCidadeDetalhes,Instituto Cidades Sustentáveis / IDSC-BR,https://www.cidadessustentaveis.org.br/api/idsc-br/buscarAllPerfilCidadeDetalhes,2026-09-01T10:54:12Z,16f5fabd56c429d650cd38d19f638e49ca0c41f2342bef867f2248011adebf3d,OK
3114501,Carmópolis de Minas,MG,3114501,55.6,873,,CODIGO_IBGE,IDSC-BR,buscarAllPerfilCidadeDetalhes,Instituto Cidades Sustentáveis / IDSC-BR,https://www.cidadessustentaveis.org.br/api/idsc-br/buscarAllPerfilCidadeDetalhes,2026-09-01T10:54:12Z,d4a7013fe25cbb06d8539fa246d255c7a0a453a1c4c2a63a3e80809e1ee23266,OK
3114550,Carneirinho,MG,3114550,60.52,135,,CODIGO_IBGE,IDSC-BR,buscarAllPerfilCidadeDetalhes,Instituto Cidades Sustentáveis / IDSC-BR,https://www.cidadessustentaveis.org.br/api/idsc-br/buscarAllPerfilCidadeDetalhes,2026-09-01T10:54:12Z,1482b1c90d6238600856f86e0b103fb051fa14dbdb712e5d17d32db15546e04b,OK
3114600,Carrancas,MG,3114600,50.97,2411,,CODIGO_IBGE,IDSC-BR,buscarAllPerfilCidadeDetalhes,Instituto Cidades Sustentáveis / IDSC-BR,https://www.cidadessustentaveis.org.br/api/idsc-br/buscarAllPerfilCidadeDetalhes,2026-09-01T10:54:12Z,7f569425cd5766c2eaa557dea7befd3a62d2da5827ceb8a3a3c132a88c9c5fb6,OK
3114709,Carvalhópolis,MG,3114709,56.18,743,,CODIGO_IBGE,IDSC-BR,buscarAllPerfilCidadeDetalhes,Instituto Cidades Sustentáveis / IDSC-BR,https://www.cidadessustentaveis.org.br/api/idsc-br/buscarAllPerfilCidadeDetalhes,2026-09-01T10:54:12Z,1d5d51a16b0f29a1a6ec28ac4c25c17ebcb7519c78428f9542960617b1299de2,OK
3114808,Carvalhos,MG,3114808,51.71,2096,,CODIGO_IBGE,IDSC-BR,buscarAllPerfilCidadeDetalhes,Instituto Cidades Sustentáveis / IDSC-BR,https://www.cidadessustentaveis.org.br/api/idsc-br/buscarAllPerfilCidadeDetalhes,2026-09-01T10:54:12Z,101c12a42db796dcdb3d347e63e7ad3a8c9afe8a948c7b3ed6a0276f8dd4ac1b,OK
3114907,Casa Grande,MG,3114907,56.79,605,,CODIGO_IBGE,IDSC-BR,buscarAllPerfilCidadeDetalhes,Instituto Cidades Sustentáveis / IDSC-BR,https://www.cidadessustentaveis.org.br/api/idsc-br/buscarAllPerfilCidadeDetalhes,2026-09-01T10:54:12Z,13e70ca6f26f3f616131a140b6a48420e6bba7e403ba1cdffdb4ce68e223d9a5,OK
3115003,Cascalho Rico,MG,3115003,50.88,2442,,CODIGO_IBGE,IDSC-BR,buscarAllPerfilCidadeDetalhes,Instituto Cidades Sustentáveis / IDSC-BR,https://www.cidadessustentaveis.org.br/api/idsc-br/buscarAllPerfilCidadeDetalhes,2026-09-01T10:54:12Z,9f1a37514517030c44b1e5dbd8e63bd61db3b68fff54282903bfba361bb9184e,OK
3115102,Cássia,MG,3115102,49.04,3177,,CODIGO_IBGE,IDSC-BR,buscarAllPerfilCidadeDetalhes,Instituto Cidades Sustentáveis / IDSC-BR,https://www.cidadessustentaveis.org.br/api/idsc-br/buscarAllPerfilCidadeDetalhes,2026-09-01T10:54:12Z,774b75f7d024310ced1173672e36123b46bb4401cf9f1feb93afb6edabcb42de,OK
3115201,Conceição da Barra de Minas,MG,3115201,57.79,445,,CODIGO_IBGE,IDSC-BR,buscarAllPerfilCidadeDetalhes,Instituto Cidades Sustentáveis / IDSC-BR,https://www.cidadessustentaveis.org.br/api/idsc-br/buscarAllPerfilCidadeDetalhes,2026-09-01T10:54:12Z,ff5d80589228802293c63e9b8a0a28ae55f446ac4f551e2118ec2e6e5f003add,OK
3115300,Cataguases,MG,3115300,45.41,4465,,CODIGO_IBGE,IDSC-BR,buscarAllPerfilCidadeDetalhes,Instituto Cidades Sustentáveis / IDSC-BR,https://www.cidadessustentaveis.org.br/api/idsc-br/buscarAllPerfilCidadeDetalhes,2026-09-01T10:54:12Z,0b6a1994c1e0979e0edd5f66cf754d97678a3473641f9ad74653cf0af959d18b,OK
3115359,Catas Altas,MG,3115359,59.91,175,,CODIGO_IBGE,IDSC-BR,buscarAllPerfilCidadeDetalhes,Instituto Cidades Sustentáveis / IDSC-BR,https://www.cidadessustentaveis.org.br/api/idsc-br/buscarAllPerfilCidadeDetalhes,2026-09-01T10:54:12Z,9fb3555f11e2cda76aeb5bd9c667955b4c492187bbac1db82d0830d420a0b797,OK
3115409,Catas Altas da Noruega,MG,3115409,51.89,2033,,CODIGO_IBGE,IDSC-BR,buscarAllPerfilCidadeDetalhes,Instituto Cidades Sustentáveis / IDSC-BR,https://www.cidadessustentaveis.org.br/api/idsc-br/buscarAllPerfilCidadeDetalhes,2026-09-01T10:54:12Z,91144bfdca32f8f080b6dd97b9bf80ecbca6a92ca119abdd70d3df1f6abc3a9c,OK
3115458,Catuji,MG,3115458,43.82,4862,,CODIGO_IBGE,IDSC-BR,buscarAllPerfilCidadeDetalhes,Instituto Cidades Sustentáveis / IDSC-BR,https://www.cidadessustentaveis.org.br/api/idsc-br/buscarAllPerfilCidadeDetalhes,2026-09-01T10:54:12Z,10dcf488f5c50290836d3cd3108539d4d8ebdf7756c9570a106466a536555183,OK
3115474,Catuti,MG,3115474,53.29,1522,,CODIGO_IBGE,IDSC-BR,buscarAllPerfilCidadeDetalhes,Instituto Cidades Sustentáveis / IDSC-BR,https://www.cidadessustentaveis.org.br/api/idsc-br/buscarAllPerfilCidadeDetalhes,2026-09-01T10:54:12Z,5e4c29a3cd67a6a3026857196f8e25c8a04374452b80f0e50c783d6d69e7654c,OK
3115508,Caxambu,MG,3115508,59.2,245,,CODIGO_IBGE,IDSC-BR,buscarAllPerfilCidadeDetalhes,Instituto Cidades Sustentáveis / IDSC-BR,https://www.cidadessustentaveis.org.br/api/idsc-br/buscarAllPerfilCidadeDetalhes,2026-09-01T10:54:12Z,d34ea9bd0cd3933ceea4f75cc5f66cecd04db4a819fe4132d00fac2692970433,OK
3115607,Cedro do Abaeté,MG,3115607,54.08,1271,,CODIGO_IBGE,IDSC-BR,buscarAllPerfilCidadeDetalhes,Instituto Cidades Sustentáveis / IDSC-BR,https://www.cidadessustentaveis.org.br/api/idsc-br/buscarAllPerfilCidadeDetalhes,2026-09-01T10:54:12Z,0f9b14af1734caebd1c714ea33691b8eaf9fec9dac0286e277a02ac5a32bd9b7,OK
3115706,Central de Minas,MG,3115706,48.8,3286,,CODIGO_IBGE,IDSC-BR,buscarAllPerfilCidadeDetalhes,Instituto Cidades Sustentáveis / IDSC-BR,https://www.cidadessustentaveis.org.br/api/idsc-br/buscarAllPerfilCidadeDetalhes,2026-09-01T10:54:12Z,a39643d7a887682749838738a3b369aa62f8bd51650fcc9a094e6a0be51380df,OK
3115805,Centralina,MG,3115805,49.66,2943,,CODIGO_IBGE,IDSC-BR,buscarAllPerfilCidadeDetalhes,Instituto Cidades Sustentáveis / IDSC-BR,https://www.cidadessustentaveis.org.br/api/idsc-br/buscarAllPerfilCidadeDetalhes,2026-09-01T10:54:12Z,69e5650301271a212073a34834ae59770e7644bd68bd637d54bd7285de1dcbd8,OK
3115904,Chácara,MG,3115904,51.54,2170,,CODIGO_IBGE,IDSC-BR,buscarAllPerfilCidadeDetalhes,Instituto Cidades Sustentáveis / IDSC-BR,https://www.cidadessustentaveis.org.br/api/idsc-br/buscarAllPerfilCidadeDetalhes,2026-09-01T10:54:12Z,267170b8888e91915e74f57f6c5c91afd9c494f3ba50631f3e395de91e1d8da0,OK
3116001,Chalé,MG,3116001,50.06,2783,,CODIGO_IBGE,IDSC-BR,buscarAllPerfilCidadeDetalhes,Instituto Cidades Sustentáveis / IDSC-BR,https://www.cidadessustentaveis.org.br/api/idsc-br/buscarAllPerfilCidadeDetalhes,2026-09-01T10:54:12Z,387d06adbf1f0322d5b80d5987067d36c2a28dada44b837ae953a5e9bc32bf95,OK
3116100,Chapada do Norte,MG,3116100,48.33,3483,,CODIGO_IBGE,IDSC-BR,buscarAllPerfilCidadeDetalhes,Instituto Cidades Sustentáveis / IDSC-BR,https://www.cidadessustentaveis.org.br/api/idsc-br/buscarAllPerfilCidadeDetalhes,2026-09-01T10:54:12Z,ace978bcd2dab56bfaa437fcdcb61f341b366a07d1631eb78873cde8ef888fad,OK
3116159,Chapada Gaúcha,MG,3116159,46.58,4119,,CODIGO_IBGE,IDSC-BR,buscarAllPerfilCidadeDetalhes,Instituto Cidades Sustentáveis / IDSC-BR,https://www.cidadessustentaveis.org.br/api/idsc-br/buscarAllPerfilCidadeDetalhes,2026-09-01T10:54:12Z,253e1e447e4d15a61b593428c68224c31d53c486305b77c512227c999643f789,OK
3116209,Chiador,MG,3116209,53.95,1308,,CODIGO_IBGE,IDSC-BR,buscarAllPerfilCidadeDetalhes,Instituto Cidades Sustentáveis / IDSC-BR,https://www.cidadessustentaveis.org.br/api/idsc-br/buscarAllPerfilCidadeDetalhes,2026-09-01T10:54:12Z,13338bc005c101d8824df6d5f896d9765723a8c28857e7d2a855f54f39407480,OK
3116308,Cipotânea,MG,3116308,50.91,2433,,CODIGO_IBGE,IDSC-BR,buscarAllPerfilCidadeDetalhes,Instituto Cidades Sustentáveis / IDSC-BR,https://www.cidadessustentaveis.org.br/api/idsc-br/buscarAllPerfilCidadeDetalhes,2026-09-01T10:54:12Z,230ab6aa5bdbe303205d1aa9d228df20aab7f4bd17a61466a610f0817e1c58b0,OK
3116407,Claraval,MG,3116407,54.13,1249,,CODIGO_IBGE,IDSC-BR,buscarAllPerfilCidadeDetalhes,Instituto Cidades Sustentáveis / IDSC-BR,https://www.cidadessustentaveis.org.br/api/idsc-br/buscarAllPerfilCidadeDetalhes,2026-09-01T10:54:12Z,b1a5896bf53e71df1480663e99d19b6319f7fa67d143ccb8d09419d200a35dba,OK
3116506,Claro dos Poções,MG,3116506,51.23,2312,,CODIGO_IBGE,IDSC-BR,buscarAllPerfilCidadeDetalhes,Instituto Cidades Sustentáveis / IDSC-BR,https://www.cidadessustentaveis.org.br/api/idsc-br/buscarAllPerfilCidadeDetalhes,2026-09-01T10:54:12Z,5445e7cf40a8657f7958e5339e8682703ac11b63c7c827c97272a7fae56c7bc1,OK
3116605,Cláudio,MG,3116605,61.23,88,,CODIGO_IBGE,IDSC-BR,buscarAllPerfilCidadeDetalhes,Instituto Cidades Sustentáveis / IDSC-BR,https://www.cidadessustentaveis.org.br/api/idsc-br/buscarAllPerfilCidadeDetalhes,2026-09-01T10:54:12Z,a92de34925856ab3532ba42127025d4506a3558fd28d1824906e5fbc6b96f100,OK
3116704,Coimbra,MG,3116704,50.86,2455,,CODIGO_IBGE,IDSC-BR,buscarAllPerfilCidadeDetalhes,Instituto Cidades Sustentáveis / IDSC-BR,https://www.cidadessustentaveis.org.br/api/idsc-br/buscarAllPerfilCidadeDetalhes,2026-09-01T10:54:12Z,8daec6971421b052b2ac4a8cf72ba872a887e3dab17225305955e7d697057fb6,OK
3116803,Coluna,MG,3116803,48.39,3448,,CODIGO_IBGE,IDSC-BR,buscarAllPerfilCidadeDetalhes,Instituto Cidades Sustentáveis / IDSC-BR,https://www.cidadessustentaveis.org.br/api/idsc-br/buscarAllPerfilCidadeDetalhes,2026-09-01T10:54:12Z,ecf40d0234f2e1e3020c5664f80ca8fd754a93eb73b7b0dd5e1261e813ac0276,OK
3116902,Comendador Gomes,MG,3116902,56.42,687,,CODIGO_IBGE,IDSC-BR,buscarAllPerfilCidadeDetalhes,Instituto Cidades Sustentáveis / IDSC-BR,https://www.cidadessustentaveis.org.br/api/idsc-br/buscarAllPerfilCidadeDetalhes,2026-09-01T10:54:12Z,7606821cee53913b8de86ba2f86eebbc528c3ed89351227447e120b800cd1f1c,OK
3117009,Comercinho,MG,3117009,50.88,2441,,CODIGO_IBGE,IDSC-BR,buscarAllPerfilCidadeDetalhes,Instituto Cidades Sustentáveis / IDSC-BR,https://www.cidadessustentaveis.org.br/api/idsc-br/buscarAllPerfilCidadeDetalhes,2026-09-01T10:54:12Z,43e5e07516d3baffb6e976ca91a8153ab7b35da56fa23646d88e981aeea1fe01,OK
3117108,Conceição da Aparecida,MG,3117108,52.86,1673,,CODIGO_IBGE,IDSC-BR,buscarAllPerfilCidadeDetalhes,Instituto Cidades Sustentáveis / IDSC-BR,https://www.cidadessustentaveis.org.br/api/idsc-br/buscarAllPerfilCidadeDetalhes,2026-09-01T10:54:12Z,057a3069366e18d737fd0960123ec56ceca59f8ec007f65f24c9185778621775,OK
3117207,Conceição das Pedras,MG,3117207,52.2,1917,,CODIGO_IBGE,IDSC-BR,buscarAllPerfilCidadeDetalhes,Instituto Cidades Sustentáveis / IDSC-BR,https://www.cidadessustentaveis.org.br/api/idsc-br/buscarAllPerfilCidadeDetalhes,2026-09-01T10:54:12Z,f36d6e18d5dbeae756fcf97db1f15081aac01d9b7d073288bafc893cf3957607,OK
3117306,Conceição das Alagoas,MG,3117306,50.89,2438,,CODIGO_IBGE,IDSC-BR,buscarAllPerfilCidadeDetalhes,Instituto Cidades Sustentáveis / IDSC-BR,https://www.cidadessustentaveis.org.br/api/idsc-br/buscarAllPerfilCidadeDetalhes,2026-09-01T10:54:12Z,99d15903f450f3926b0a968b82847905b8fbf0e89e40184a14fea09df6abae5a,OK
3117405,Conceição de Ipanema,MG,3117405,56.74,613,,CODIGO_IBGE,IDSC-BR,buscarAllPerfilCidadeDetalhes,Instituto Cidades Sustentáveis / IDSC-BR,https://www.cidadessustentaveis.org.br/api/idsc-br/buscarAllPerfilCidadeDetalhes,2026-09-01T10:54:12Z,5676ed2ac3b9b6cbcc1072a19cd6bf1bcbf9499ca2dbff1c6842a8b23bd4726b,OK
3117504,Conceição do Mato Dentro,MG,3117504,51.37,2246,,CODIGO_IBGE,IDSC-BR,buscarAllPerfilCidadeDetalhes,Instituto Cidades Sustentáveis / IDSC-BR,https://www.cidadessustentaveis.org.br/api/idsc-br/buscarAllPerfilCidadeDetalhes,2026-09-01T10:54:12Z,72684254f2d2081c060a0c884307472b8133dfcfc6a437ea710099fe7af7f6e8,OK
3117603,Conceição do Pará,MG,3117603,54.16,1239,,CODIGO_IBGE,IDSC-BR,buscarAllPerfilCidadeDetalhes,Instituto Cidades Sustentáveis / IDSC-BR,https://www.cidadessustentaveis.org.br/api/idsc-br/buscarAllPerfilCidadeDetalhes,2026-09-01T10:54:12Z,5c666a9997b1818d04087bc2ca81cb57dcfe9f60c573bb3b3b558a048a26c4f0,OK
3117702,Conceição do Rio Verde,MG,3117702,49.31,3073,,CODIGO_IBGE,IDSC-BR,buscarAllPerfilCidadeDetalhes,Instituto Cidades Sustentáveis / IDSC-BR,https://www.cidadessustentaveis.org.br/api/idsc-br/buscarAllPerfilCidadeDetalhes,2026-09-01T10:54:12Z,f08726ee53b4d82e34d34bc8858f72321e6866897ece57fcb8d4197541575c33,OK
3117801,Conceição dos Ouros,MG,3117801,55.59,878,,CODIGO_IBGE,IDSC-BR,buscarAllPerfilCidadeDetalhes,Instituto Cidades Sustentáveis / IDSC-BR,https://www.cidadessustentaveis.org.br/api/idsc-br/buscarAllPerfilCidadeDetalhes,2026-09-01T10:54:12Z,ac3d309e9314a8029b107e1985f313df1922523dd96882dfc7da07eca4681512,OK
3117836,Cônego Marinho,MG,3117836,51.37,2248,,CODIGO_IBGE,IDSC-BR,buscarAllPerfilCidadeDetalhes,Instituto Cidades Sustentáveis / IDSC-BR,https://www.cidadessustentaveis.org.br/api/idsc-br/buscarAllPerfilCidadeDetalhes,2026-09-01T10:54:12Z,c054772a0d4953c4fd16322c70fe0af8c5898672cc136193c13df5af0ca494a9,OK
3117876,Confins,MG,3117876,59.68,197,,CODIGO_IBGE,IDSC-BR,buscarAllPerfilCidadeDetalhes,Instituto Cidades Sustentáveis / IDSC-BR,https://www.cidadessustentaveis.org.br/api/idsc-br/buscarAllPerfilCidadeDetalhes,2026-09-01T10:54:12Z,2c7e49f7243180ba3e94bee51154d7271f18d57087d251483ee38b545b3d19db,OK
3117900,Congonhal,MG,3117900,55.24,949,,CODIGO_IBGE,IDSC-BR,buscarAllPerfilCidadeDetalhes,Instituto Cidades Sustentáveis / IDSC-BR,https://www.cidadessustentaveis.org.br/api/idsc-br/buscarAllPerfilCidadeDetalhes,2026-09-01T10:54:12Z,f23fbbcf561d6a216c01d0d960b9b4d2b4989af6984c02df0ba044afefbdbdfc,OK
3118007,Congonhas,MG,3118007,52.95,1638,,CODIGO_IBGE,IDSC-BR,buscarAllPerfilCidadeDetalhes,Instituto Cidades Sustentáveis / IDSC-BR,https://www.cidadessustentaveis.org.br/api/idsc-br/buscarAllPerfilCidadeDetalhes,2026-09-01T10:54:12Z,0d0d68b38a18a3216ca369d0feb1b8a98c85022e1cfb75039d3a925e131772c2,OK
3118106,Congonhas do Norte,MG,3118106,46.87,4012,,CODIGO_IBGE,IDSC-BR,buscarAllPerfilCidadeDetalhes,Instituto Cidades Sustentáveis / IDSC-BR,https://www.cidadessustentaveis.org.br/api/idsc-br/buscarAllPerfilCidadeDetalhes,2026-09-01T10:54:12Z,1ea1b7ebd5f2a0cb7486624e83925daa609ac4b1bf51ce90f1e12e19c018a8ba,OK
3118205,Conquista,MG,3118205,53.66,1393,,CODIGO_IBGE,IDSC-BR,buscarAllPerfilCidadeDetalhes,Instituto Cidades Sustentáveis / IDSC-BR,https://www.cidadessustentaveis.org.br/api/idsc-br/buscarAllPerfilCidadeDetalhes,2026-09-01T10:54:12Z,f18bdb6a65d3331ba3a559d8177d8d70fe63168e5defc52dc6923c77e184906b,OK
3118304,Conselheiro Lafaiete,MG,3118304,50.17,2737,,CODIGO_IBGE,IDSC-BR,buscarAllPerfilCidadeDetalhes,Instituto Cidades Sustentáveis / IDSC-BR,https://www.cidadessustentaveis.org.br/api/idsc-br/buscarAllPerfilCidadeDetalhes,2026-09-01T10:54:12Z,50acf971035c01d147d0af8b630153e5624e471b991149abb1ef317369ca6dc0,OK
3118403,Conselheiro Pena,MG,3118403,48.37,3468,,CODIGO_IBGE,IDSC-BR,buscarAllPerfilCidadeDetalhes,Instituto Cidades Sustentáveis / IDSC-BR,https://www.cidadessustentaveis.org.br/api/idsc-br/buscarAllPerfilCidadeDetalhes,2026-09-01T10:54:12Z,6ae54091f74c095f977441474ea61f54a8a284164e3fea620e38b1b37c64ee6b,OK
3118502,Consolação,MG,3118502,57.26,528,,CODIGO_IBGE,IDSC-BR,buscarAllPerfilCidadeDetalhes,Instituto Cidades Sustentáveis / IDSC-BR,https://www.cidadessustentaveis.org.br/api/idsc-br/buscarAllPerfilCidadeDetalhes,2026-09-01T10:54:12Z,eecd999b0bea7c861b40221dc7e15b3f71ae5f39797245e992e984651e6f315c,OK
3118601,Contagem,MG,3118601,55.49,905,,CODIGO_IBGE,IDSC-BR,buscarAllPerfilCidadeDetalhes,Instituto Cidades Sustentáveis / IDSC-BR,https://www.cidadessustentaveis.org.br/api/idsc-br/buscarAllPerfilCidadeDetalhes,2026-09-01T10:54:12Z,1acb057abbd9e655de2ef1d032dc57436e97e8d141f8c3020a758a87a5075adf,OK
3118700,Coqueiral,MG,3118700,55.21,954,,CODIGO_IBGE,IDSC-BR,buscarAllPerfilCidadeDetalhes,Instituto Cidades Sustentáveis / IDSC-BR,https://www.cidadessustentaveis.org.br/api/idsc-br/buscarAllPerfilCidadeDetalhes,2026-09-01T10:54:12Z,3126de9eeab2e16a1409805990e88d4a9e8b3ffa02c5e4708fb6670dd8af9fff,OK
3118809,Coração de Jesus,MG,3118809,51.53,2180,,CODIGO_IBGE,IDSC-BR,buscarAllPerfilCidadeDetalhes,Instituto Cidades Sustentáveis / IDSC-BR,https://www.cidadessustentaveis.org.br/api/idsc-br/buscarAllPerfilCidadeDetalhes,2026-09-01T10:54:12Z,f5dc53acbe202a9359d9a2770b0114cfa7ac5f38f323b49e61b5ee62cb3510f9,OK
3118908,Cordisburgo,MG,3118908,54.59,1116,,CODIGO_IBGE,IDSC-BR,buscarAllPerfilCidadeDetalhes,Instituto Cidades Sustentáveis / IDSC-BR,https://www.cidadessustentaveis.org.br/api/idsc-br/buscarAllPerfilCidadeDetalhes,2026-09-01T10:54:12Z,3223ec89d01bf32cc456be8ff6d071ee82bf8c4bda253cd709051ea2a6eea109,OK
3119005,Cordislândia,MG,3119005,52.38,1854,,CODIGO_IBGE,IDSC-BR,buscarAllPerfilCidadeDetalhes,Instituto Cidades Sustentáveis / IDSC-BR,https://www.cidadessustentaveis.org.br/api/idsc-br/buscarAllPerfilCidadeDetalhes,2026-09-01T10:54:12Z,c78cbc9d8a0835a8553f03f63985ba0fa1b204d4b21c1d9ba08f1129f847ee2d,OK
3119104,Corinto,MG,3119104,59.83,183,,CODIGO_IBGE,IDSC-BR,buscarAllPerfilCidadeDetalhes,Instituto Cidades Sustentáveis / IDSC-BR,https://www.cidadessustentaveis.org.br/api/idsc-br/buscarAllPerfilCidadeDetalhes,2026-09-01T10:54:12Z,046a6528f7ce22d644b882e3b60b1e1c684a578e8257bb9abfd9f6e917b7a2f9,OK
3119203,Coroaci,MG,3119203,50.8,2485,,CODIGO_IBGE,IDSC-BR,buscarAllPerfilCidadeDetalhes,Instituto Cidades Sustentáveis / IDSC-BR,https://www.cidadessustentaveis.org.br/api/idsc-br/buscarAllPerfilCidadeDetalhes,2026-09-01T10:54:12Z,3e3c8697094f75d856f363351b1bc5e2fb5419206cf4085222611f108f98548c,OK
3119302,Coromandel,MG,3119302,47.98,3612,,CODIGO_IBGE,IDSC-BR,buscarAllPerfilCidadeDetalhes,Instituto Cidades Sustentáveis / IDSC-BR,https://www.cidadessustentaveis.org.br/api/idsc-br/buscarAllPerfilCidadeDetalhes,2026-09-01T10:54:12Z,ee41c0ffbd8680e5a45f8794085023eeb392e41922acd737e61f296ea0f3d235,OK
3119401,Coronel Fabriciano,MG,3119401,44.83,4628,,CODIGO_IBGE,IDSC-BR,buscarAllPerfilCidadeDetalhes,Instituto Cidades Sustentáveis / IDSC-BR,https://www.cidadessustentaveis.org.br/api/idsc-br/buscarAllPerfilCidadeDetalhes,2026-09-01T10:54:12Z,dbdf7ac0ed3295d92295a3d015630f442559c443c8db99b211f1325450edb4f3,OK
3119500,Coronel Murta,MG,3119500,52.89,1668,,CODIGO_IBGE,IDSC-BR,buscarAllPerfilCidadeDetalhes,Instituto Cidades Sustentáveis / IDSC-BR,https://www.cidadessustentaveis.org.br/api/idsc-br/buscarAllPerfilCidadeDetalhes,2026-09-01T10:54:12Z,e85017e490580f9217449579fd813595ba98ee62566d15a30e08fb71224dab74,OK
3119609,Coronel Pacheco,MG,3119609,56.39,692,,CODIGO_IBGE,IDSC-BR,buscarAllPerfilCidadeDetalhes,Instituto Cidades Sustentáveis / IDSC-BR,https://www.cidadessustentaveis.org.br/api/idsc-br/buscarAllPerfilCidadeDetalhes,2026-09-01T10:54:12Z,5930e580f7131da75cc050827b85e5b96c78cb2ac6292224ddaf0fd53906a82e,OK
3119708,Coronel Xavier Chaves,MG,3119708,57.4,504,,CODIGO_IBGE,IDSC-BR,buscarAllPerfilCidadeDetalhes,Instituto Cidades Sustentáveis / IDSC-BR,https://www.cidadessustentaveis.org.br/api/idsc-br/buscarAllPerfilCidadeDetalhes,2026-09-01T10:54:12Z,f67baac12fbd28a0420b8fc88e27aea0054463dca4dfd974251920158336cf12,OK
3119807,Córrego Danta,MG,3119807,52.38,1857,,CODIGO_IBGE,IDSC-BR,buscarAllPerfilCidadeDetalhes,Instituto Cidades Sustentáveis / IDSC-BR,https://www.cidadessustentaveis.org.br/api/idsc-br/buscarAllPerfilCidadeDetalhes,2026-09-01T10:54:12Z,f2a9fce0311e5cb82eac8cbed9b79509a5d97e0286742780c2459337886864f6,OK
3119906,Córrego do Bom Jesus,MG,3119906,58.3,379,,CODIGO_IBGE,IDSC-BR,buscarAllPerfilCidadeDetalhes,Instituto Cidades Sustentáveis / IDSC-BR,https://www.cidadessustentaveis.org.br/api/idsc-br/buscarAllPerfilCidadeDetalhes,2026-09-01T10:54:12Z,b92693182fd127f6bc52c80ff3f4785674750036b0032c6df1d31e11dbde8fec,OK
3119955,Córrego Fundo,MG,3119955,58.5,338,,CODIGO_IBGE,IDSC-BR,buscarAllPerfilCidadeDetalhes,Instituto Cidades Sustentáveis / IDSC-BR,https://www.cidadessustentaveis.org.br/api/idsc-br/buscarAllPerfilCidadeDetalhes,2026-09-01T10:54:12Z,f3d47d88557b7a75fdf01ac14dd1168c1b4db326ee3c7b799c6a1e4fffdd73bb,OK
3120003,Córrego Novo,MG,3120003,49.79,2893,,CODIGO_IBGE,IDSC-BR,buscarAllPerfilCidadeDetalhes,Instituto Cidades Sustentáveis / IDSC-BR,https://www.cidadessustentaveis.org.br/api/idsc-br/buscarAllPerfilCidadeDetalhes,2026-09-01T10:54:12Z,201215ba2eedbc52ede63a9b1dd4ffc703431eb2bd0adc898d2d5a455f9f05c0,OK
3120102,Couto de Magalhães de Minas,MG,3120102,49.81,2889,,CODIGO_IBGE,IDSC-BR,buscarAllPerfilCidadeDetalhes,Instituto Cidades Sustentáveis / IDSC-BR,https://www.cidadessustentaveis.org.br/api/idsc-br/buscarAllPerfilCidadeDetalhes,2026-09-01T10:54:12Z,67646da82b92c76c92cd5108b7a85c95b861e465d7ae2077098ebcada3ecac00,OK
3120151,Crisólita,MG,3120151,53.15,1570,,CODIGO_IBGE,IDSC-BR,buscarAllPerfilCidadeDetalhes,Instituto Cidades Sustentáveis / IDSC-BR,https://www.cidadessustentaveis.org.br/api/idsc-br/buscarAllPerfilCidadeDetalhes,2026-09-01T10:54:12Z,dc12509359af4386c179904f71b7b1c9808ca98b573ff92c5a9bd51a76aa37fe,OK
3120201,Cristais,MG,3120201,53.23,1549,,CODIGO_IBGE,IDSC-BR,buscarAllPerfilCidadeDetalhes,Instituto Cidades Sustentáveis / IDSC-BR,https://www.cidadessustentaveis.org.br/api/idsc-br/buscarAllPerfilCidadeDetalhes,2026-09-01T10:54:12Z,0440060f1a17f51bc70ea0b0dcd25d453406729be3d609530ac348a4b40ba414,OK
3120300,Cristália,MG,3120300,50.93,2429,,CODIGO_IBGE,IDSC-BR,buscarAllPerfilCidadeDetalhes,Instituto Cidades Sustentáveis / IDSC-BR,https://www.cidadessustentaveis.org.br/api/idsc-br/buscarAllPerfilCidadeDetalhes,2026-09-01T10:54:12Z,504c363db2ef75904aa252e4d15995a0428d41984aa8a5a43f6da755bad65d53,OK
3120409,Cristiano Otoni,MG,3120409,50.96,2416,,CODIGO_IBGE,IDSC-BR,buscarAllPerfilCidadeDetalhes,Instituto Cidades Sustentáveis / IDSC-BR,https://www.cidadessustentaveis.org.br/api/idsc-br/buscarAllPerfilCidadeDetalhes,2026-09-01T10:54:12Z,321dcbb004e0de75b0a2a2d896f0584b99d815b16c324ce9283d55502f4ba6ee,OK
3120508,Cristina,MG,3120508,56.38,695,,CODIGO_IBGE,IDSC-BR,buscarAllPerfilCidadeDetalhes,Instituto Cidades Sustentáveis / IDSC-BR,https://www.cidadessustentaveis.org.br/api/idsc-br/buscarAllPerfilCidadeDetalhes,2026-09-01T10:54:12Z,48bd850869d1f2fc96ca6cc0eec5be26aaf3593a28c5dde4b9af1046e1f8ec8b,OK
3120607,Crucilândia,MG,3120607,54.56,1124,,CODIGO_IBGE,IDSC-BR,buscarAllPerfilCidadeDetalhes,Instituto Cidades Sustentáveis / IDSC-BR,https://www.cidadessustentaveis.org.br/api/idsc-br/buscarAllPerfilCidadeDetalhes,2026-09-01T10:54:12Z,f8fb8278cc3f7694094c3f224fbba1f8c370395f64a1ae7c1e8ce34f1193decf,OK
3120706,Cruzeiro da Fortaleza,MG,3120706,50.39,2649,,CODIGO_IBGE,IDSC-BR,buscarAllPerfilCidadeDetalhes,Instituto Cidades Sustentáveis / IDSC-BR,https://www.cidadessustentaveis.org.br/api/idsc-br/buscarAllPerfilCidadeDetalhes,2026-09-01T10:54:12Z,927d4b1479cffee83af3603c6dce2408a66dc6889ec3dbbe5be202005375bb30,OK
3120805,Cruzília,MG,3120805,51.39,2240,,CODIGO_IBGE,IDSC-BR,buscarAllPerfilCidadeDetalhes,Instituto Cidades Sustentáveis / IDSC-BR,https://www.cidadessustentaveis.org.br/api/idsc-br/buscarAllPerfilCidadeDetalhes,2026-09-01T10:54:12Z,8ae155e033cce9b1d67b984fa41d316bd1f6adb6b0e3a1e82aceade60e208b58,OK
3120839,Cuparaque,MG,3120839,46.45,4167,,CODIGO_IBGE,IDSC-BR,buscarAllPerfilCidadeDetalhes,Instituto Cidades Sustentáveis / IDSC-BR,https://www.cidadessustentaveis.org.br/api/idsc-br/buscarAllPerfilCidadeDetalhes,2026-09-01T10:54:12Z,93164c77becd730b1fbf830c522426967ce85c4329568aa011ec17daf7615159,OK
3120870,Curral de Dentro,MG,3120870,49.01,3197,,CODIGO_IBGE,IDSC-BR,buscarAllPerfilCidadeDetalhes,Instituto Cidades Sustentáveis / IDSC-BR,https://www.cidadessustentaveis.org.br/api/idsc-br/buscarAllPerfilCidadeDetalhes,2026-09-01T10:54:12Z,6e79cba9e05994fae4666a74c937e709a21d66ebaac21a74638d3c6b06cf50b6,OK
3120904,Curvelo,MG,3120904,50.46,2622,,CODIGO_IBGE,IDSC-BR,buscarAllPerfilCidadeDetalhes,Instituto Cidades Sustentáveis / IDSC-BR,https://www.cidadessustentaveis.org.br/api/idsc-br/buscarAllPerfilCidadeDetalhes,2026-09-01T10:54:12Z,9f79345048ae8da001a6583778f4db77c070a2b00034ecd5654eb98a5fc2f702,OK
3121001,Datas,MG,3121001,59.29,241,,CODIGO_IBGE,IDSC-BR,buscarAllPerfilCidadeDetalhes,Instituto Cidades Sustentáveis / IDSC-BR,https://www.cidadessustentaveis.org.br/api/idsc-br/buscarAllPerfilCidadeDetalhes,2026-09-01T10:54:12Z,04d16dab8fe59454a3292984a17ee62b52568504495ebe83a0237ab5b8536210,OK
3121100,Delfim Moreira,MG,3121100,53.5,1447,,CODIGO_IBGE,IDSC-BR,buscarAllPerfilCidadeDetalhes,Instituto Cidades Sustentáveis / IDSC-BR,https://www.cidadessustentaveis.org.br/api/idsc-br/buscarAllPerfilCidadeDetalhes,2026-09-01T10:54:12Z,8151dc8141b92e909ad65389b93554b9910ea8881b7d839c155c6e5d762d00f1,OK
3121209,Delfinópolis,MG,3121209,51.79,2071,,CODIGO_IBGE,IDSC-BR,buscarAllPerfilCidadeDetalhes,Instituto Cidades Sustentáveis / IDSC-BR,https://www.cidadessustentaveis.org.br/api/idsc-br/buscarAllPerfilCidadeDetalhes,2026-09-01T10:54:12Z,d7eb10411cca57dc310086f26f2870afcf37e924031f3d1fbead804f0daae744,OK
3121258,Delta,MG,3121258,45.42,4462,,CODIGO_IBGE,IDSC-BR,buscarAllPerfilCidadeDetalhes,Instituto Cidades Sustentáveis / IDSC-BR,https://www.cidadessustentaveis.org.br/api/idsc-br/buscarAllPerfilCidadeDetalhes,2026-09-01T10:54:12Z,2d68e36f9af840fe26df2fef0ee012cee77838d926283eab2de58eb0de19251b,OK
3121308,Descoberto,MG,3121308,52.47,1825,,CODIGO_IBGE,IDSC-BR,buscarAllPerfilCidadeDetalhes,Instituto Cidades Sustentáveis / IDSC-BR,https://www.cidadessustentaveis.org.br/api/idsc-br/buscarAllPerfilCidadeDetalhes,2026-09-01T10:54:12Z,0ce9d8af2cdc89dee3d8b5bd5e3e40693eb7ca64424a21f9690db8f31a351556,OK
3121407,Desterro de Entre Rios,MG,3121407,52.79,1698,,CODIGO_IBGE,IDSC-BR,buscarAllPerfilCidadeDetalhes,Instituto Cidades Sustentáveis / IDSC-BR,https://www.cidadessustentaveis.org.br/api/idsc-br/buscarAllPerfilCidadeDetalhes,2026-09-01T10:54:12Z,503f3300f7321ddaeea565061f984d8cc6732cb472c2d6a3ada58fa2d6315163,OK
3121506,Desterro do Melo,MG,3121506,61.62,66,,CODIGO_IBGE,IDSC-BR,buscarAllPerfilCidadeDetalhes,Instituto Cidades Sustentáveis / IDSC-BR,https://www.cidadessustentaveis.org.br/api/idsc-br/buscarAllPerfilCidadeDetalhes,2026-09-01T10:54:12Z,ab8798473a9b175445bffc7f8f6d49b5327c900e966e14dff02d1325ee1fb802,OK
3121605,Diamantina,MG,3121605,46.97,3971,,CODIGO_IBGE,IDSC-BR,buscarAllPerfilCidadeDetalhes,Instituto Cidades Sustentáveis / IDSC-BR,https://www.cidadessustentaveis.org.br/api/idsc-br/buscarAllPerfilCidadeDetalhes,2026-09-01T10:54:12Z,26bb60b139896ac802eeacdf0383f05544009a6eda47166df0bd060171ae5241,OK
3121704,Diogo de Vasconcelos,MG,3121704,53.8,1357,,CODIGO_IBGE,IDSC-BR,buscarAllPerfilCidadeDetalhes,Instituto Cidades Sustentáveis / IDSC-BR,https://www.cidadessustentaveis.org.br/api/idsc-br/buscarAllPerfilCidadeDetalhes,2026-09-01T10:54:12Z,f7d4efeb83b9dec0b42d7247f51eed8437817941cc69acb429a2e3c5a8f9c1fe,OK
3121803,Dionísio,MG,3121803,52.48,1815,,CODIGO_IBGE,IDSC-BR,buscarAllPerfilCidadeDetalhes,Instituto Cidades Sustentáveis / IDSC-BR,https://www.cidadessustentaveis.org.br/api/idsc-br/buscarAllPerfilCidadeDetalhes,2026-09-01T10:54:12Z,3d6cb246097fba207071b390ce715c037b401500c92bc4993cdddfa3aa544434,OK
3121902,Divinésia,MG,3121902,54.0,1293,,CODIGO_IBGE,IDSC-BR,buscarAllPerfilCidadeDetalhes,Instituto Cidades Sustentáveis / IDSC-BR,https://www.cidadessustentaveis.org.br/api/idsc-br/buscarAllPerfilCidadeDetalhes,2026-09-01T10:54:12Z,c938d9da9ccf637fe905068ac89c56c0bf9c3c24384efaf8c8ed219cf34dab5a,OK
3122009,Divino,MG,3122009,51.56,2165,,CODIGO_IBGE,IDSC-BR,buscarAllPerfilCidadeDetalhes,Instituto Cidades Sustentáveis / IDSC-BR,https://www.cidadessustentaveis.org.br/api/idsc-br/buscarAllPerfilCidadeDetalhes,2026-09-01T10:54:12Z,6689a0bbe5f5793c02cc526f81057215cca861e0fb89a01ba496e3b8b3ccd7b5,OK
3122108,Divino das Laranjeiras,MG,3122108,54.28,1205,,CODIGO_IBGE,IDSC-BR,buscarAllPerfilCidadeDetalhes,Instituto Cidades Sustentáveis / IDSC-BR,https://www.cidadessustentaveis.org.br/api/idsc-br/buscarAllPerfilCidadeDetalhes,2026-09-01T10:54:12Z,484620136d6e1b42940a67a92b28818a968ed0153c2566abe62a6644b46ca4bd,OK
3122207,Divinolândia de Minas,MG,3122207,51.5,2195,,CODIGO_IBGE,IDSC-BR,buscarAllPerfilCidadeDetalhes,Instituto Cidades Sustentáveis / IDSC-BR,https://www.cidadessustentaveis.org.br/api/idsc-br/buscarAllPerfilCidadeDetalhes,2026-09-01T10:54:12Z,93b9eacec13b3f8ec5401727e7618cf6bf7811ca0ea2d0e9d44d32cd0bfde3ff,OK
3122306,Divinópolis,MG,3122306,50.68,2531,,CODIGO_IBGE,IDSC-BR,buscarAllPerfilCidadeDetalhes,Instituto Cidades Sustentáveis / IDSC-BR,https://www.cidadessustentaveis.org.br/api/idsc-br/buscarAllPerfilCidadeDetalhes,2026-09-01T10:54:12Z,1d171c1d42d30da0659f1ff63a2e99e3bdf0a484b0fec5482989c44b8b76fa75,OK
3122355,Divisa Alegre,MG,3122355,51.87,2041,,CODIGO_IBGE,IDSC-BR,buscarAllPerfilCidadeDetalhes,Instituto Cidades Sustentáveis / IDSC-BR,https://www.cidadessustentaveis.org.br/api/idsc-br/buscarAllPerfilCidadeDetalhes,2026-09-01T10:54:12Z,c70c80846dd65b8b1647b58e8b3d4197a1dbf300cf988b99ae10a3a9fcf4b8ca,OK
3122405,Divisa Nova,MG,3122405,49.97,2824,,CODIGO_IBGE,IDSC-BR,buscarAllPerfilCidadeDetalhes,Instituto Cidades Sustentáveis / IDSC-BR,https://www.cidadessustentaveis.org.br/api/idsc-br/buscarAllPerfilCidadeDetalhes,2026-09-01T10:54:12Z,1ea9189f18bf7fce10d171899403baac189e08fa9f0d8c58adc70b9b7273e73f,OK
3122454,Divisópolis,MG,3122454,48.74,3304,,CODIGO_IBGE,IDSC-BR,buscarAllPerfilCidadeDetalhes,Instituto Cidades Sustentáveis / IDSC-BR,https://www.cidadessustentaveis.org.br/api/idsc-br/buscarAllPerfilCidadeDetalhes,2026-09-01T10:54:12Z,a189e85b1bdc3ca7f1e590f6595ae34e038cb015aa39086071147fd649880dec,OK
3122470,Dom Bosco,MG,3122470,50.45,2631,,CODIGO_IBGE,IDSC-BR,buscarAllPerfilCidadeDetalhes,Instituto Cidades Sustentáveis / IDSC-BR,https://www.cidadessustentaveis.org.br/api/idsc-br/buscarAllPerfilCidadeDetalhes,2026-09-01T10:54:12Z,8ba937a052e2eb5bc1bd0b03704a94ef21075e242668d2b8699f4b399b1ec245,OK
3122504,Dom Cavati,MG,3122504,50.6,2569,,CODIGO_IBGE,IDSC-BR,buscarAllPerfilCidadeDetalhes,Instituto Cidades Sustentáveis / IDSC-BR,https://www.cidadessustentaveis.org.br/api/idsc-br/buscarAllPerfilCidadeDetalhes,2026-09-01T10:54:12Z,2f2404c4984e1484d789fdc12cdecd3fe8f12f513bc037ea7f3cacbd761f0919,OK
3122603,Dom Joaquim,MG,3122603,45.06,4556,,CODIGO_IBGE,IDSC-BR,buscarAllPerfilCidadeDetalhes,Instituto Cidades Sustentáveis / IDSC-BR,https://www.cidadessustentaveis.org.br/api/idsc-br/buscarAllPerfilCidadeDetalhes,2026-09-01T10:54:12Z,85327ded32cc10f4bad872790fadaf1d3f22a0d9d5663d7e0a85b79513328eb6,OK
3122702,Dom Silvério,MG,3122702,50.23,2711,,CODIGO_IBGE,IDSC-BR,buscarAllPerfilCidadeDetalhes,Instituto Cidades Sustentáveis / IDSC-BR,https://www.cidadessustentaveis.org.br/api/idsc-br/buscarAllPerfilCidadeDetalhes,2026-09-01T10:54:12Z,2eb2cef9559f55fcd26da96494c827d5a7028fcc40a5af72fe1929084df19778,OK
3122801,Dom Viçoso,MG,3122801,56.02,781,,CODIGO_IBGE,IDSC-BR,buscarAllPerfilCidadeDetalhes,Instituto Cidades Sustentáveis / IDSC-BR,https://www.cidadessustentaveis.org.br/api/idsc-br/buscarAllPerfilCidadeDetalhes,2026-09-01T10:54:12Z,f458be6e4b0e089a5128ab953c7117c08517b2cfaed989dd8862ca330423ea99,OK
3122900,Dona Euzébia,MG,3122900,55.62,869,,CODIGO_IBGE,IDSC-BR,buscarAllPerfilCidadeDetalhes,Instituto Cidades Sustentáveis / IDSC-BR,https://www.cidadessustentaveis.org.br/api/idsc-br/buscarAllPerfilCidadeDetalhes,2026-09-01T10:54:12Z,593c44f0310e0fdf650755cade5b1bad5313b7f5bb8a6ed466ecf2bd08b6fd0c,OK
3123007,Dores de Campos,MG,3123007,54.15,1243,,CODIGO_IBGE,IDSC-BR,buscarAllPerfilCidadeDetalhes,Instituto Cidades Sustentáveis / IDSC-BR,https://www.cidadessustentaveis.org.br/api/idsc-br/buscarAllPerfilCidadeDetalhes,2026-09-01T10:54:12Z,cd836d5e55158ec3312e882c083bed2f6fe0ef92633c7091cbcc0c318476a32b,OK
3123106,Dores de Guanhães,MG,3123106,54.93,1036,,CODIGO_IBGE,IDSC-BR,buscarAllPerfilCidadeDetalhes,Instituto Cidades Sustentáveis / IDSC-BR,https://www.cidadessustentaveis.org.br/api/idsc-br/buscarAllPerfilCidadeDetalhes,2026-09-01T10:54:12Z,41ec4205bfc4e0c0f473a3868cc8b4a59d954409885fe6bf530e36d04aa3c7a2,OK
3123205,Dores do Indaiá,MG,3123205,59.07,257,,CODIGO_IBGE,IDSC-BR,buscarAllPerfilCidadeDetalhes,Instituto Cidades Sustentáveis / IDSC-BR,https://www.cidadessustentaveis.org.br/api/idsc-br/buscarAllPerfilCidadeDetalhes,2026-09-01T10:54:12Z,5bd3c9b899b4dc46743b8f7f5d58d20582cbe88f9a423442c81ee5914f0acf6f,OK
3123304,Dores do Turvo,MG,3123304,52.17,1928,,CODIGO_IBGE,IDSC-BR,buscarAllPerfilCidadeDetalhes,Instituto Cidades Sustentáveis / IDSC-BR,https://www.cidadessustentaveis.org.br/api/idsc-br/buscarAllPerfilCidadeDetalhes,2026-09-01T10:54:12Z,c6142ccaf65a76fc6aa1db828de2f253704f5c75af096af8c8635148fc57afe9,OK
3123403,Doresópolis,MG,3123403,55.04,1002,,CODIGO_IBGE,IDSC-BR,buscarAllPerfilCidadeDetalhes,Instituto Cidades Sustentáveis / IDSC-BR,https://www.cidadessustentaveis.org.br/api/idsc-br/buscarAllPerfilCidadeDetalhes,2026-09-01T10:54:12Z,f49e1cc99390bafca8df56d7824be19cf600a91d961a6cc7c40d47a5425c33e1,OK
3123502,Douradoquara,MG,3123502,52.07,1957,,CODIGO_IBGE,IDSC-BR,buscarAllPerfilCidadeDetalhes,Instituto Cidades Sustentáveis / IDSC-BR,https://www.cidadessustentaveis.org.br/api/idsc-br/buscarAllPerfilCidadeDetalhes,2026-09-01T10:54:12Z,45fdee57c527be73cc1d98434eb8b9ff965fa15f09e412872163aaa2a1752ce7,OK
3123528,Durandé,MG,3123528,45.29,4500,,CODIGO_IBGE,IDSC-BR,buscarAllPerfilCidadeDetalhes,Instituto Cidades Sustentáveis / IDSC-BR,https://www.cidadessustentaveis.org.br/api/idsc-br/buscarAllPerfilCidadeDetalhes,2026-09-01T10:54:12Z,f1a209dd78c1001f44a3ce82e676eb78f1bf435c5dc8a3327a1a629d2c98ec82,OK
3123601,Elói Mendes,MG,3123601,50.12,2760,,CODIGO_IBGE,IDSC-BR,buscarAllPerfilCidadeDetalhes,Instituto Cidades Sustentáveis / IDSC-BR,https://www.cidadessustentaveis.org.br/api/idsc-br/buscarAllPerfilCidadeDetalhes,2026-09-01T10:54:12Z,592a6a9d4a67588b425ca01dbd8eaccaf97e47ac2ef3e6e74b75f9762e2913a2,OK
3123700,Engenheiro Caldas,MG,3123700,47.94,3627,,CODIGO_IBGE,IDSC-BR,buscarAllPerfilCidadeDetalhes,Instituto Cidades Sustentáveis / IDSC-BR,https://www.cidadessustentaveis.org.br/api/idsc-br/buscarAllPerfilCidadeDetalhes,2026-09-01T10:54:12Z,25de9d9a136ec242bf3cfe6821421844fafebc49621b29a28bfb34d99be565cd,OK
3123809,Engenheiro Navarro,MG,3123809,51.69,2110,,CODIGO_IBGE,IDSC-BR,buscarAllPerfilCidadeDetalhes,Instituto Cidades Sustentáveis / IDSC-BR,https://www.cidadessustentaveis.org.br/api/idsc-br/buscarAllPerfilCidadeDetalhes,2026-09-01T10:54:12Z,6bf759b249f57d6a5cd2babe18d192d82934bacbe94f8406e7bf2df749970fb1,OK
3123858,Entre Folhas,MG,3123858,46.81,4034,,CODIGO_IBGE,IDSC-BR,buscarAllPerfilCidadeDetalhes,Instituto Cidades Sustentáveis / IDSC-BR,https://www.cidadessustentaveis.org.br/api/idsc-br/buscarAllPerfilCidadeDetalhes,2026-09-01T10:54:12Z,d54fbd1fd2b65c45b07feebf4eab0d7d08fdaea4f675ae93d8e698151978f96e,OK
3123908,Entre Rios de Minas,MG,3123908,53.13,1575,,CODIGO_IBGE,IDSC-BR,buscarAllPerfilCidadeDetalhes,Instituto Cidades Sustentáveis / IDSC-BR,https://www.cidadessustentaveis.org.br/api/idsc-br/buscarAllPerfilCidadeDetalhes,2026-09-01T10:54:12Z,7d25f62ff78df02bc51d8627235631a952f728b256cab5a657d12411d66f2c2e,OK
3124005,Ervália,MG,3124005,46.91,3992,,CODIGO_IBGE,IDSC-BR,buscarAllPerfilCidadeDetalhes,Instituto Cidades Sustentáveis / IDSC-BR,https://www.cidadessustentaveis.org.br/api/idsc-br/buscarAllPerfilCidadeDetalhes,2026-09-01T10:54:12Z,8932e143e71d1ba23a019d886f4e156a4e9ebe34677fe2f4aad6f122c0a4cbb4,OK
3124104,Esmeraldas,MG,3124104,44.17,4802,,CODIGO_IBGE,IDSC-BR,buscarAllPerfilCidadeDetalhes,Instituto Cidades Sustentáveis / IDSC-BR,https://www.cidadessustentaveis.org.br/api/idsc-br/buscarAllPerfilCidadeDetalhes,2026-09-01T10:54:12Z,fdf187265544c2970ba30debba543d971fb0f08c0ff97490e7256b714ed51404,OK
3124203,Espera Feliz,MG,3124203,49.79,2898,,CODIGO_IBGE,IDSC-BR,buscarAllPerfilCidadeDetalhes,Instituto Cidades Sustentáveis / IDSC-BR,https://www.cidadessustentaveis.org.br/api/idsc-br/buscarAllPerfilCidadeDetalhes,2026-09-01T10:54:12Z,ddf72c60c9726d67907734f777043faf0e3bc5626109b72288b1b4d234ccc5df,OK
3124302,Espinosa,MG,3124302,47.09,3926,,CODIGO_IBGE,IDSC-BR,buscarAllPerfilCidadeDetalhes,Instituto Cidades Sustentáveis / IDSC-BR,https://www.cidadessustentaveis.org.br/api/idsc-br/buscarAllPerfilCidadeDetalhes,2026-09-01T10:54:12Z,9be90d7222d77d2dd4b69a2a55bd6837b63df104a24dd9b68d83fcdd105afaf8,OK
3124401,Espírito Santo do Dourado,MG,3124401,56.07,770,,CODIGO_IBGE,IDSC-BR,buscarAllPerfilCidadeDetalhes,Instituto Cidades Sustentáveis / IDSC-BR,https://www.cidadessustentaveis.org.br/api/idsc-br/buscarAllPerfilCidadeDetalhes,2026-09-01T10:54:12Z,63973aadc153a8e021882ee40f81cdc8ece8d615ba55641d44c4ea234609e150,OK
3124500,Estiva,MG,3124500,54.64,1105,,CODIGO_IBGE,IDSC-BR,buscarAllPerfilCidadeDetalhes,Instituto Cidades Sustentáveis / IDSC-BR,https://www.cidadessustentaveis.org.br/api/idsc-br/buscarAllPerfilCidadeDetalhes,2026-09-01T10:54:12Z,931447bac66d35ebc1425e6a69dfa3c4e1e8151360f5616e505e6e5cf47a42a5,OK
3124609,Estrela Dalva,MG,3124609,52.47,1824,,CODIGO_IBGE,IDSC-BR,buscarAllPerfilCidadeDetalhes,Instituto Cidades Sustentáveis / IDSC-BR,https://www.cidadessustentaveis.org.br/api/idsc-br/buscarAllPerfilCidadeDetalhes,2026-09-01T10:54:12Z,148e1eecd455ae3f56fadbd374f2b8e7fe0cb39b00739c19eef8ec9937f4f668,OK
3124708,Estrela do Indaiá,MG,3124708,52.59,1772,,CODIGO_IBGE,IDSC-BR,buscarAllPerfilCidadeDetalhes,Instituto Cidades Sustentáveis / IDSC-BR,https://www.cidadessustentaveis.org.br/api/idsc-br/buscarAllPerfilCidadeDetalhes,2026-09-01T10:54:12Z,1ea9c8ad39668995e7ba8e48d145dc884a9e7df0a446de999146ba90f6c57925,OK
3124807,Estrela do Sul,MG,3124807,50.22,2718,,CODIGO_IBGE,IDSC-BR,buscarAllPerfilCidadeDetalhes,Instituto Cidades Sustentáveis / IDSC-BR,https://www.cidadessustentaveis.org.br/api/idsc-br/buscarAllPerfilCidadeDetalhes,2026-09-01T10:54:12Z,2aadc5c52fc220f5746aef7026447e0aa62eb179115c90baf3f7162aea5898b7,OK
3124906,Eugenópolis,MG,3124906,53.13,1576,,CODIGO_IBGE,IDSC-BR,buscarAllPerfilCidadeDetalhes,Instituto Cidades Sustentáveis / IDSC-BR,https://www.cidadessustentaveis.org.br/api/idsc-br/buscarAllPerfilCidadeDetalhes,2026-09-01T10:54:12Z,6b1995f5bb01d2cb9a83701b123c2fc12d78531f279b2a6038345e57f3eaaa79,OK
3125002,Ewbank da Câmara,MG,3125002,50.96,2417,,CODIGO_IBGE,IDSC-BR,buscarAllPerfilCidadeDetalhes,Instituto Cidades Sustentáveis / IDSC-BR,https://www.cidadessustentaveis.org.br/api/idsc-br/buscarAllPerfilCidadeDetalhes,2026-09-01T10:54:12Z,f1880e41304ae20dcac9bc9f6c083d41fb8dc3df0abdc45cf078715953e2560a,OK
3125101,Extrema,MG,3125101,59.45,219,,CODIGO_IBGE,IDSC-BR,buscarAllPerfilCidadeDetalhes,Instituto Cidades Sustentáveis / IDSC-BR,https://www.cidadessustentaveis.org.br/api/idsc-br/buscarAllPerfilCidadeDetalhes,2026-09-01T10:54:12Z,3122cccfe184b0ebdc991bc79f645ca55fd3a1613f6f0e2d33a80c7d5c980d81,OK
3125200,Fama,MG,3125200,58.76,299,,CODIGO_IBGE,IDSC-BR,buscarAllPerfilCidadeDetalhes,Instituto Cidades Sustentáveis / IDSC-BR,https://www.cidadessustentaveis.org.br/api/idsc-br/buscarAllPerfilCidadeDetalhes,2026-09-01T10:54:12Z,a5782594412c0fd77a81a5e5f1b97e0eea3e7fac7b960898378b6b8f24b8037e,OK
3125309,Faria Lemos,MG,3125309,51.2,2325,,CODIGO_IBGE,IDSC-BR,buscarAllPerfilCidadeDetalhes,Instituto Cidades Sustentáveis / IDSC-BR,https://www.cidadessustentaveis.org.br/api/idsc-br/buscarAllPerfilCidadeDetalhes,2026-09-01T10:54:12Z,c448f4790ee6a5ca4010eab2bd454948d02aab13aa4f3253963c5e6ee0b1cace,OK
3125408,Felício dos Santos,MG,3125408,51.57,2157,,CODIGO_IBGE,IDSC-BR,buscarAllPerfilCidadeDetalhes,Instituto Cidades Sustentáveis / IDSC-BR,https://www.cidadessustentaveis.org.br/api/idsc-br/buscarAllPerfilCidadeDetalhes,2026-09-01T10:54:12Z,e66527866c53e9382d5cedba7dcd8438b003309ad8026a718661e11c3cbcfc76,OK
3125507,São Gonçalo do Rio Preto,MG,3125507,48.36,3469,,CODIGO_IBGE,IDSC-BR,buscarAllPerfilCidadeDetalhes,Instituto Cidades Sustentáveis / IDSC-BR,https://www.cidadessustentaveis.org.br/api/idsc-br/buscarAllPerfilCidadeDetalhes,2026-09-01T10:54:12Z,2d4cd805d6698ac8bb3dccea20dac88d05c3fbacf10714a6346938c2a2fb5fcf,OK
3125606,Felisburgo,MG,3125606,48.35,3473,,CODIGO_IBGE,IDSC-BR,buscarAllPerfilCidadeDetalhes,Instituto Cidades Sustentáveis / IDSC-BR,https://www.cidadessustentaveis.org.br/api/idsc-br/buscarAllPerfilCidadeDetalhes,2026-09-01T10:54:12Z,bf230ac9dda3a6b5ef240f8e1bd0b671dcaf03708e6ab2307ebe655b52882b7b,OK
3125705,Felixlândia,MG,3125705,52.03,1975,,CODIGO_IBGE,IDSC-BR,buscarAllPerfilCidadeDetalhes,Instituto Cidades Sustentáveis / IDSC-BR,https://www.cidadessustentaveis.org.br/api/idsc-br/buscarAllPerfilCidadeDetalhes,2026-09-01T10:54:12Z,190257c41f6640da0a484420d18d726ac7afa8915f13104d0531dcd5a025d1b5,OK
3125804,Fernandes Tourinho,MG,3125804,51.23,2311,,CODIGO_IBGE,IDSC-BR,buscarAllPerfilCidadeDetalhes,Instituto Cidades Sustentáveis / IDSC-BR,https://www.cidadessustentaveis.org.br/api/idsc-br/buscarAllPerfilCidadeDetalhes,2026-09-01T10:54:12Z,eb2ac965fc4bd7527adb8cedecf5d3017cac3904b6839ac21562fc90ea77c8fd,OK
3125903,Ferros,MG,3125903,49.21,3114,,CODIGO_IBGE,IDSC-BR,buscarAllPerfilCidadeDetalhes,Instituto Cidades Sustentáveis / IDSC-BR,https://www.cidadessustentaveis.org.br/api/idsc-br/buscarAllPerfilCidadeDetalhes,2026-09-01T10:54:12Z,8ed4577d316d4ebe439630ea574d5279c76c54d273520eaf33dbda24baeaff2c,OK
3125952,Fervedouro,MG,3125952,50.37,2655,,CODIGO_IBGE,IDSC-BR,buscarAllPerfilCidadeDetalhes,Instituto Cidades Sustentáveis / IDSC-BR,https://www.cidadessustentaveis.org.br/api/idsc-br/buscarAllPerfilCidadeDetalhes,2026-09-01T10:54:12Z,ac893842950e9e5f9e983cf3fa23653a8044ada59121dc20c1209bf01ad67108,OK
3126000,Florestal,MG,3126000,59.43,222,,CODIGO_IBGE,IDSC-BR,buscarAllPerfilCidadeDetalhes,Instituto Cidades Sustentáveis / IDSC-BR,https://www.cidadessustentaveis.org.br/api/idsc-br/buscarAllPerfilCidadeDetalhes,2026-09-01T10:54:12Z,a25fb4bcbe62a0d6fd412113c83e80fa5b28c12f74034e8c08e7585b017aa5f1,OK
3126109,Formiga,MG,3126109,53.11,1581,,CODIGO_IBGE,IDSC-BR,buscarAllPerfilCidadeDetalhes,Instituto Cidades Sustentáveis / IDSC-BR,https://www.cidadessustentaveis.org.br/api/idsc-br/buscarAllPerfilCidadeDetalhes,2026-09-01T10:54:12Z,4c11cb9a392d436bfed2b5fa58626113f210b6f23a5e9a09baf5ca844eeb8942,OK
3126208,Formoso,MG,3126208,44.76,4650,,CODIGO_IBGE,IDSC-BR,buscarAllPerfilCidadeDetalhes,Instituto Cidades Sustentáveis / IDSC-BR,https://www.cidadessustentaveis.org.br/api/idsc-br/buscarAllPerfilCidadeDetalhes,2026-09-01T10:54:12Z,1cae1dd4e4d5aa079825ddd98e5e8620f7589f0e963df82a531d52643f6228e5,OK
3126307,Fortaleza de Minas,MG,3126307,51.91,2019,,CODIGO_IBGE,IDSC-BR,buscarAllPerfilCidadeDetalhes,Instituto Cidades Sustentáveis / IDSC-BR,https://www.cidadessustentaveis.org.br/api/idsc-br/buscarAllPerfilCidadeDetalhes,2026-09-01T10:54:12Z,e288a7017765acc2111162d026de4499db84f158023617d6f540fd98f4e219e6,OK
3126406,Fortuna de Minas,MG,3126406,57.31,520,,CODIGO_IBGE,IDSC-BR,buscarAllPerfilCidadeDetalhes,Instituto Cidades Sustentáveis / IDSC-BR,https://www.cidadessustentaveis.org.br/api/idsc-br/buscarAllPerfilCidadeDetalhes,2026-09-01T10:54:12Z,5cfe7642efdceb7a24d1eb991e55ed0d4b01cfabcaf94d81d6bf534024e9fd37,OK
3126505,Francisco Badaró,MG,3126505,48.01,3602,,CODIGO_IBGE,IDSC-BR,buscarAllPerfilCidadeDetalhes,Instituto Cidades Sustentáveis / IDSC-BR,https://www.cidadessustentaveis.org.br/api/idsc-br/buscarAllPerfilCidadeDetalhes,2026-09-01T10:54:12Z,1c83d8e6d7773a9ec018d4017cd073153f328cf9fef8f380ae7ff63a395446af,OK
3126604,Francisco Dumont,MG,3126604,46.64,4096,,CODIGO_IBGE,IDSC-BR,buscarAllPerfilCidadeDetalhes,Instituto Cidades Sustentáveis / IDSC-BR,https://www.cidadessustentaveis.org.br/api/idsc-br/buscarAllPerfilCidadeDetalhes,2026-09-01T10:54:12Z,f933e5f66d08d12b941a7f316ea03a337b63dc1182ffa8e531b911f6e8e6eceb,OK
3126703,Francisco Sá,MG,3126703,48.74,3306,,CODIGO_IBGE,IDSC-BR,buscarAllPerfilCidadeDetalhes,Instituto Cidades Sustentáveis / IDSC-BR,https://www.cidadessustentaveis.org.br/api/idsc-br/buscarAllPerfilCidadeDetalhes,2026-09-01T10:54:12Z,90e5fe423ebc8bdebb4283b91325038d013873db3dfaaf8a5fd2103c6c9c78e0,OK
3126752,Franciscópolis,MG,3126752,49.38,3045,,CODIGO_IBGE,IDSC-BR,buscarAllPerfilCidadeDetalhes,Instituto Cidades Sustentáveis / IDSC-BR,https://www.cidadessustentaveis.org.br/api/idsc-br/buscarAllPerfilCidadeDetalhes,2026-09-01T10:54:12Z,63bf028a79453104e414a2c7e36813e698184a3d03f0a3d168052f8ce1caf858,OK
3126802,Frei Gaspar,MG,3126802,52.08,1950,,CODIGO_IBGE,IDSC-BR,buscarAllPerfilCidadeDetalhes,Instituto Cidades Sustentáveis / IDSC-BR,https://www.cidadessustentaveis.org.br/api/idsc-br/buscarAllPerfilCidadeDetalhes,2026-09-01T10:54:12Z,151ba6b7303f823d21b20ed439f68c39e0c889b3dbec26691f7ee5d5cf3b3f1c,OK
3126901,Frei Inocêncio,MG,3126901,44.93,4599,,CODIGO_IBGE,IDSC-BR,buscarAllPerfilCidadeDetalhes,Instituto Cidades Sustentáveis / IDSC-BR,https://www.cidadessustentaveis.org.br/api/idsc-br/buscarAllPerfilCidadeDetalhes,2026-09-01T10:54:12Z,7868118cfae9652ddc76646e39aec0c476570bcc6233849c883e3b7511623f4f,OK
3126950,Frei Lagonegro,MG,3126950,52.04,1965,,CODIGO_IBGE,IDSC-BR,buscarAllPerfilCidadeDetalhes,Instituto Cidades Sustentáveis / IDSC-BR,https://www.cidadessustentaveis.org.br/api/idsc-br/buscarAllPerfilCidadeDetalhes,2026-09-01T10:54:12Z,8ace93aafebb4e8a271797ba0f054396db0d7055a7ac4b47a4315fed0c80b680,OK
3127008,Fronteira,MG,3127008,48.81,3283,,CODIGO_IBGE,IDSC-BR,buscarAllPerfilCidadeDetalhes,Instituto Cidades Sustentáveis / IDSC-BR,https://www.cidadessustentaveis.org.br/api/idsc-br/buscarAllPerfilCidadeDetalhes,2026-09-01T10:54:12Z,64d254997a5d87c146907a53335225ff0f3392a0634cc99d9faefd7dd34fa83b,OK
3127057,Fronteira dos Vales,MG,3127057,47.37,3832,,CODIGO_IBGE,IDSC-BR,buscarAllPerfilCidadeDetalhes,Instituto Cidades Sustentáveis / IDSC-BR,https://www.cidadessustentaveis.org.br/api/idsc-br/buscarAllPerfilCidadeDetalhes,2026-09-01T10:54:12Z,3be060dbb14384883324ffcbdd1de4759fe18578d21d1d5afb459f82d2b97444,OK
3127073,Fruta de Leite,MG,3127073,48.98,3207,,CODIGO_IBGE,IDSC-BR,buscarAllPerfilCidadeDetalhes,Instituto Cidades Sustentáveis / IDSC-BR,https://www.cidadessustentaveis.org.br/api/idsc-br/buscarAllPerfilCidadeDetalhes,2026-09-01T10:54:12Z,d6d28b0b78c685606d7573b127c7873783166690ab71b9aeb7f529e406ba7348,OK
3127107,Frutal,MG,3127107,54.22,1222,,CODIGO_IBGE,IDSC-BR,buscarAllPerfilCidadeDetalhes,Instituto Cidades Sustentáveis / IDSC-BR,https://www.cidadessustentaveis.org.br/api/idsc-br/buscarAllPerfilCidadeDetalhes,2026-09-01T10:54:12Z,7a4c018152966f4eab5005ed6b7a4066b8e729dd78d60cd22e44f7209282a8b9,OK
3127206,Funilândia,MG,3127206,57.52,485,,CODIGO_IBGE,IDSC-BR,buscarAllPerfilCidadeDetalhes,Instituto Cidades Sustentáveis / IDSC-BR,https://www.cidadessustentaveis.org.br/api/idsc-br/buscarAllPerfilCidadeDetalhes,2026-09-01T10:54:12Z,758deae32e48200a2407851dbfdaab72b70cc9848327d80c12c8b1d41c0d75bb,OK
3127305,Galiléia,MG,3127305,47.26,3870,,CODIGO_IBGE,IDSC-BR,buscarAllPerfilCidadeDetalhes,Instituto Cidades Sustentáveis / IDSC-BR,https://www.cidadessustentaveis.org.br/api/idsc-br/buscarAllPerfilCidadeDetalhes,2026-09-01T10:54:12Z,a6d5e1deb4c59e42dbbf5424a26650fd97db6d78d1fbf3f5aae0d0c228a76bb5,OK
3127339,Gameleiras,MG,3127339,54.78,1076,,CODIGO_IBGE,IDSC-BR,buscarAllPerfilCidadeDetalhes,Instituto Cidades Sustentáveis / IDSC-BR,https://www.cidadessustentaveis.org.br/api/idsc-br/buscarAllPerfilCidadeDetalhes,2026-09-01T10:54:12Z,d03fc0cfefe88620065e27541b56c49e188fefa3c87a5714bab4ca1cab503234,OK
3127354,Glaucilândia,MG,3127354,49.89,2852,,CODIGO_IBGE,IDSC-BR,buscarAllPerfilCidadeDetalhes,Instituto Cidades Sustentáveis / IDSC-BR,https://www.cidadessustentaveis.org.br/api/idsc-br/buscarAllPerfilCidadeDetalhes,2026-09-01T10:54:12Z,7d0c0d417656f25b7ee5b41749c100991b29a932eba03a0b9de548aa866a0d67,OK
3127370,Goiabeira,MG,3127370,60.17,159,,CODIGO_IBGE,IDSC-BR,buscarAllPerfilCidadeDetalhes,Instituto Cidades Sustentáveis / IDSC-BR,https://www.cidadessustentaveis.org.br/api/idsc-br/buscarAllPerfilCidadeDetalhes,2026-09-01T10:54:12Z,fa7683b462d7587a9a280c794c3d95c0128a6ef77bdef8a5c06799147933867c,OK
3127388,Goianá,MG,3127388,53.7,1385,,CODIGO_IBGE,IDSC-BR,buscarAllPerfilCidadeDetalhes,Instituto Cidades Sustentáveis / IDSC-BR,https://www.cidadessustentaveis.org.br/api/idsc-br/buscarAllPerfilCidadeDetalhes,2026-09-01T10:54:12Z,72a896330d6f5bda8ce2d431c79083f4631499d2f3f149c8990a835f23ba3c87,OK
3127404,Gonçalves,MG,3127404,64.02,12,,CODIGO_IBGE,IDSC-BR,buscarAllPerfilCidadeDetalhes,Instituto Cidades Sustentáveis / IDSC-BR,https://www.cidadessustentaveis.org.br/api/idsc-br/buscarAllPerfilCidadeDetalhes,2026-09-01T10:54:12Z,f5ec1c3dcf0590a66af30ed10c4a1a8189bf7836615b8b80e9f7cfc656d79de7,OK
3127503,Gonzaga,MG,3127503,51.86,2052,,CODIGO_IBGE,IDSC-BR,buscarAllPerfilCidadeDetalhes,Instituto Cidades Sustentáveis / IDSC-BR,https://www.cidadessustentaveis.org.br/api/idsc-br/buscarAllPerfilCidadeDetalhes,2026-09-01T10:54:12Z,a5d926e51b6ed39a7b35b22f6a502a960d9175a8ffd4d5ea9e694a5602bc5de2,OK
3127602,Gouveia,MG,3127602,54.42,1168,,CODIGO_IBGE,IDSC-BR,buscarAllPerfilCidadeDetalhes,Instituto Cidades Sustentáveis / IDSC-BR,https://www.cidadessustentaveis.org.br/api/idsc-br/buscarAllPerfilCidadeDetalhes,2026-09-01T10:54:12Z,7bd225b0e277992bb0fceebfdc5ffe8abf902efc994d9d905912e28af6055b0d,OK
3127701,Governador Valadares,MG,3127701,46.42,4175,,CODIGO_IBGE,IDSC-BR,buscarAllPerfilCidadeDetalhes,Instituto Cidades Sustentáveis / IDSC-BR,https://www.cidadessustentaveis.org.br/api/idsc-br/buscarAllPerfilCidadeDetalhes,2026-09-01T10:54:12Z,91eed3468dad89c06291706407ae3f7871111a358da95db59612374c1dc2b9ce,OK
3127800,Grão Mogol,MG,3127800,53.0,1624,,CODIGO_IBGE,IDSC-BR,buscarAllPerfilCidadeDetalhes,Instituto Cidades Sustentáveis / IDSC-BR,https://www.cidadessustentaveis.org.br/api/idsc-br/buscarAllPerfilCidadeDetalhes,2026-09-01T10:54:12Z,0ce4a286beab63c213698f17b837d010d525a2e83dab7716132b8c5106600606,OK
3127909,Grupiara,MG,3127909,59.43,221,,CODIGO_IBGE,IDSC-BR,buscarAllPerfilCidadeDetalhes,Instituto Cidades Sustentáveis / IDSC-BR,https://www.cidadessustentaveis.org.br/api/idsc-br/buscarAllPerfilCidadeDetalhes,2026-09-01T10:54:12Z,ae22b990948a84c870a59d4713ea239f16f7972f7b1d06fdf48877657aa34f16,OK
3128006,Guanhães,MG,3128006,46.12,4255,,CODIGO_IBGE,IDSC-BR,buscarAllPerfilCidadeDetalhes,Instituto Cidades Sustentáveis / IDSC-BR,https://www.cidadessustentaveis.org.br/api/idsc-br/buscarAllPerfilCidadeDetalhes,2026-09-01T10:54:12Z,692f16228867f09d5a964dd1bb7233e675ee49867e59f85cba1f7d7e31e44e4e,OK
3128105,Guapé,MG,3128105,51.31,2277,,CODIGO_IBGE,IDSC-BR,buscarAllPerfilCidadeDetalhes,Instituto Cidades Sustentáveis / IDSC-BR,https://www.cidadessustentaveis.org.br/api/idsc-br/buscarAllPerfilCidadeDetalhes,2026-09-01T10:54:12Z,66c61b4e95db2e9140a5def51c06337f491e73fe743517638a99a31f68fee0cc,OK
3128204,Guaraciaba,MG,3128204,46.57,4122,,CODIGO_IBGE,IDSC-BR,buscarAllPerfilCidadeDetalhes,Instituto Cidades Sustentáveis / IDSC-BR,https://www.cidadessustentaveis.org.br/api/idsc-br/buscarAllPerfilCidadeDetalhes,2026-09-01T10:54:12Z,ded375092148fac7c659aa51663186303c2be80c7e044abe7cfd515db71e4b06,OK
3128253,Guaraciama,MG,3128253,53.48,1456,,CODIGO_IBGE,IDSC-BR,buscarAllPerfilCidadeDetalhes,Instituto Cidades Sustentáveis / IDSC-BR,https://www.cidadessustentaveis.org.br/api/idsc-br/buscarAllPerfilCidadeDetalhes,2026-09-01T10:54:12Z,496b45334bb13947cd531434d39479b40daf43a6f60ec5f5f1832cde50d70932,OK
3128303,Guaranésia,MG,3128303,49.02,3190,,CODIGO_IBGE,IDSC-BR,buscarAllPerfilCidadeDetalhes,Instituto Cidades Sustentáveis / IDSC-BR,https://www.cidadessustentaveis.org.br/api/idsc-br/buscarAllPerfilCidadeDetalhes,2026-09-01T10:54:12Z,ca995f7846056dc4ad1399cb7b685ec18b8d7143c3fa10ac8da26c12febc828f,OK
3128402,Guarani,MG,3128402,52.59,1775,,CODIGO_IBGE,IDSC-BR,buscarAllPerfilCidadeDetalhes,Instituto Cidades Sustentáveis / IDSC-BR,https://www.cidadessustentaveis.org.br/api/idsc-br/buscarAllPerfilCidadeDetalhes,2026-09-01T10:54:12Z,3d9cc08d35aeab7e107a8ec6af62cae3437f284d768fbdca280e89f8a172b869,OK
3128501,Guarará,MG,3128501,50.73,2516,,CODIGO_IBGE,IDSC-BR,buscarAllPerfilCidadeDetalhes,Instituto Cidades Sustentáveis / IDSC-BR,https://www.cidadessustentaveis.org.br/api/idsc-br/buscarAllPerfilCidadeDetalhes,2026-09-01T10:54:12Z,998f815b6e73789f59c063652fdeb605a3bad72bb5855213e77014b5710bbd3f,OK
3128600,Guarda-Mor,MG,3128600,56.99,570,,CODIGO_IBGE,IDSC-BR,buscarAllPerfilCidadeDetalhes,Instituto Cidades Sustentáveis / IDSC-BR,https://www.cidadessustentaveis.org.br/api/idsc-br/buscarAllPerfilCidadeDetalhes,2026-09-01T10:54:12Z,41e912511e755bb45438b5af0743493372abb15d566f78dedb3eb6771da5b077,OK
3128709,Guaxupé,MG,3128709,51.95,2006,,CODIGO_IBGE,IDSC-BR,buscarAllPerfilCidadeDetalhes,Instituto Cidades Sustentáveis / IDSC-BR,https://www.cidadessustentaveis.org.br/api/idsc-br/buscarAllPerfilCidadeDetalhes,2026-09-01T10:54:12Z,8f13139d87d063eb34cdb76135bb1548cbdc0ea08b79b2887b9ec7ac38d60f09,OK
3128808,Guidoval,MG,3128808,47.5,3781,,CODIGO_IBGE,IDSC-BR,buscarAllPerfilCidadeDetalhes,Instituto Cidades Sustentáveis / IDSC-BR,https://www.cidadessustentaveis.org.br/api/idsc-br/buscarAllPerfilCidadeDetalhes,2026-09-01T10:54:12Z,58d4dac584f68b2d02203cba13b61030f6ec1d6acf7c39acea7093bc5ccd302c,OK
3128907,Guimarânia,MG,3128907,50.19,2727,,CODIGO_IBGE,IDSC-BR,buscarAllPerfilCidadeDetalhes,Instituto Cidades Sustentáveis / IDSC-BR,https://www.cidadessustentaveis.org.br/api/idsc-br/buscarAllPerfilCidadeDetalhes,2026-09-01T10:54:12Z,5698a153ad5ba3757116019aa35616aa0ea5ece5e09a0f93f58c3d1e9f4aa915,OK
3129004,Guiricema,MG,3129004,46.27,4217,,CODIGO_IBGE,IDSC-BR,buscarAllPerfilCidadeDetalhes,Instituto Cidades Sustentáveis / IDSC-BR,https://www.cidadessustentaveis.org.br/api/idsc-br/buscarAllPerfilCidadeDetalhes,2026-09-01T10:54:12Z,137b348e6e295bcdaf8488733bb1a08ab9136345172fca790a66112242396173,OK
3129103,Gurinhatã,MG,3129103,54.24,1216,,CODIGO_IBGE,IDSC-BR,buscarAllPerfilCidadeDetalhes,Instituto Cidades Sustentáveis / IDSC-BR,https://www.cidadessustentaveis.org.br/api/idsc-br/buscarAllPerfilCidadeDetalhes,2026-09-01T10:54:12Z,9824e6da2f1941f13d8b1a99ad3895ca59888b5287974d3da082cb962e9935aa,OK
3129202,Heliodora,MG,3129202,54.25,1212,,CODIGO_IBGE,IDSC-BR,buscarAllPerfilCidadeDetalhes,Instituto Cidades Sustentáveis / IDSC-BR,https://www.cidadessustentaveis.org.br/api/idsc-br/buscarAllPerfilCidadeDetalhes,2026-09-01T10:54:12Z,13ad4f5e7b50d89eb1bc5be58c290cd2a0a15265c4d718c573923080c148dd36,OK
3129301,Iapu,MG,3129301,47.65,3731,,CODIGO_IBGE,IDSC-BR,buscarAllPerfilCidadeDetalhes,Instituto Cidades Sustentáveis / IDSC-BR,https://www.cidadessustentaveis.org.br/api/idsc-br/buscarAllPerfilCidadeDetalhes,2026-09-01T10:54:12Z,dfeac28af5f2f1c4451191efd5eee67b6842d0653ce5b8ef4274627cc73d68e4,OK
3129400,Ibertioga,MG,3129400,58.78,296,,CODIGO_IBGE,IDSC-BR,buscarAllPerfilCidadeDetalhes,Instituto Cidades Sustentáveis / IDSC-BR,https://www.cidadessustentaveis.org.br/api/idsc-br/buscarAllPerfilCidadeDetalhes,2026-09-01T10:54:12Z,91df5891fc182ddf2f521ce4bf217ac901a46dfe23b62e1b907dd145da71212b,OK
3129509,Ibiá,MG,3129509,53.55,1430,,CODIGO_IBGE,IDSC-BR,buscarAllPerfilCidadeDetalhes,Instituto Cidades Sustentáveis / IDSC-BR,https://www.cidadessustentaveis.org.br/api/idsc-br/buscarAllPerfilCidadeDetalhes,2026-09-01T10:54:12Z,e80fc3eb1f39b837242b27a7f7ffde9d5a006b0b25a63e9577dc8c3ec3b736a3,OK
3129608,Ibiaí,MG,3129608,51.53,2182,,CODIGO_IBGE,IDSC-BR,buscarAllPerfilCidadeDetalhes,Instituto Cidades Sustentáveis / IDSC-BR,https://www.cidadessustentaveis.org.br/api/idsc-br/buscarAllPerfilCidadeDetalhes,2026-09-01T10:54:12Z,de7e3adbaa54b72742aaa7c40b94d3652682dd456f05147c725b4f7bbe9271fa,OK
3129657,Ibiracatu,MG,3129657,51.67,2121,,CODIGO_IBGE,IDSC-BR,buscarAllPerfilCidadeDetalhes,Instituto Cidades Sustentáveis / IDSC-BR,https://www.cidadessustentaveis.org.br/api/idsc-br/buscarAllPerfilCidadeDetalhes,2026-09-01T10:54:12Z,24f252f36236bed676f62c9381afeb91a7886b84963336152008e6a37a3ba33a,OK
3129707,Ibiraci,MG,3129707,52.95,1636,,CODIGO_IBGE,IDSC-BR,buscarAllPerfilCidadeDetalhes,Instituto Cidades Sustentáveis / IDSC-BR,https://www.cidadessustentaveis.org.br/api/idsc-br/buscarAllPerfilCidadeDetalhes,2026-09-01T10:54:12Z,4685314a972e53e2fc732900d349fab5acd3b01d734e35b6417c1f2da12796e2,OK
3129806,Ibirité,MG,3129806,44.73,4660,,CODIGO_IBGE,IDSC-BR,buscarAllPerfilCidadeDetalhes,Instituto Cidades Sustentáveis / IDSC-BR,https://www.cidadessustentaveis.org.br/api/idsc-br/buscarAllPerfilCidadeDetalhes,2026-09-01T10:54:12Z,26604b4d2b882fa671fa0a7615b4a6c406a704d7245bab6ef8cc2bbd7ccc2cc8,OK
3129905,Ibitiúra de Minas,MG,3129905,53.65,1396,,CODIGO_IBGE,IDSC-BR,buscarAllPerfilCidadeDetalhes,Instituto Cidades Sustentáveis / IDSC-BR,https://www.cidadessustentaveis.org.br/api/idsc-br/buscarAllPerfilCidadeDetalhes,2026-09-01T10:54:12Z,f21aea239360ef537de9ce44ebaf89463ca3eb1d98224951f80b0bad1b2bae15,OK
3130002,Ibituruna,MG,3130002,54.33,1192,,CODIGO_IBGE,IDSC-BR,buscarAllPerfilCidadeDetalhes,Instituto Cidades Sustentáveis / IDSC-BR,https://www.cidadessustentaveis.org.br/api/idsc-br/buscarAllPerfilCidadeDetalhes,2026-09-01T10:54:12Z,da14a50f927f40ac638070231a0bb77a45204cdd8d0987987cf1c34928cb2fea,OK
3130051,Icaraí de Minas,MG,3130051,51.35,2255,,CODIGO_IBGE,IDSC-BR,buscarAllPerfilCidadeDetalhes,Instituto Cidades Sustentáveis / IDSC-BR,https://www.cidadessustentaveis.org.br/api/idsc-br/buscarAllPerfilCidadeDetalhes,2026-09-01T10:54:12Z,b35e154ab6089bfb150adabb834af675c3f914d942ff0669efa64882fd104283,OK
3130101,Igarapé,MG,3130101,46.56,4126,,CODIGO_IBGE,IDSC-BR,buscarAllPerfilCidadeDetalhes,Instituto Cidades Sustentáveis / IDSC-BR,https://www.cidadessustentaveis.org.br/api/idsc-br/buscarAllPerfilCidadeDetalhes,2026-09-01T10:54:12Z,90e28cfba9d7fbe41fce686c16ab3ac15565ce49b77a60143bbeb18e031691ab,OK
3130200,Igaratinga,MG,3130200,57.5,487,,CODIGO_IBGE,IDSC-BR,buscarAllPerfilCidadeDetalhes,Instituto Cidades Sustentáveis / IDSC-BR,https://www.cidadessustentaveis.org.br/api/idsc-br/buscarAllPerfilCidadeDetalhes,2026-09-01T10:54:12Z,a1a46d117760c3b464e92c379384cd2bcb86e45f5a73af3b168662acab944664,OK
3130309,Iguatama,MG,3130309,45.82,4341,,CODIGO_IBGE,IDSC-BR,buscarAllPerfilCidadeDetalhes,Instituto Cidades Sustentáveis / IDSC-BR,https://www.cidadessustentaveis.org.br/api/idsc-br/buscarAllPerfilCidadeDetalhes,2026-09-01T10:54:12Z,57fb7ae438bd3e18985fb97678a7475d177bbbce6841a715e203b36d253643f3,OK
3130408,Ijaci,MG,3130408,54.57,1122,,CODIGO_IBGE,IDSC-BR,buscarAllPerfilCidadeDetalhes,Instituto Cidades Sustentáveis / IDSC-BR,https://www.cidadessustentaveis.org.br/api/idsc-br/buscarAllPerfilCidadeDetalhes,2026-09-01T10:54:12Z,d54bd048da67c1b97da3991dcf08e74d61bf0816a2f3806781df8042051c7148,OK
3130507,Ilicínea,MG,3130507,51.33,2266,,CODIGO_IBGE,IDSC-BR,buscarAllPerfilCidadeDetalhes,Instituto Cidades Sustentáveis / IDSC-BR,https://www.cidadessustentaveis.org.br/api/idsc-br/buscarAllPerfilCidadeDetalhes,2026-09-01T10:54:12Z,a7e2ebc7288419898e338ee772e072797f0d0bf68056bc2471ef8ee9e3e4a468,OK
3130556,Imbé de Minas,MG,3130556,53.18,1564,,CODIGO_IBGE,IDSC-BR,buscarAllPerfilCidadeDetalhes,Instituto Cidades Sustentáveis / IDSC-BR,https://www.cidadessustentaveis.org.br/api/idsc-br/buscarAllPerfilCidadeDetalhes,2026-09-01T10:54:12Z,ed2d5ffb9d1dc23a1959b9dea13c44652f97d913215dc61db28c689f37fc2b2c,OK
3130606,Inconfidentes,MG,3130606,52.72,1723,,CODIGO_IBGE,IDSC-BR,buscarAllPerfilCidadeDetalhes,Instituto Cidades Sustentáveis / IDSC-BR,https://www.cidadessustentaveis.org.br/api/idsc-br/buscarAllPerfilCidadeDetalhes,2026-09-01T10:54:12Z,8d3637644ba7452a8e2084a1e03af4a45aadaf654bd7d4f200d29b129a6ea1f6,OK
3130655,Indaiabira,MG,3130655,54.53,1134,,CODIGO_IBGE,IDSC-BR,buscarAllPerfilCidadeDetalhes,Instituto Cidades Sustentáveis / IDSC-BR,https://www.cidadessustentaveis.org.br/api/idsc-br/buscarAllPerfilCidadeDetalhes,2026-09-01T10:54:12Z,d9857dcab44b12cf54168eb4e91bc7dbdd699454c6058148130d8255b0cd7d5c,OK
3130705,Indianópolis,MG,3130705,59.99,169,,CODIGO_IBGE,IDSC-BR,buscarAllPerfilCidadeDetalhes,Instituto Cidades Sustentáveis / IDSC-BR,https://www.cidadessustentaveis.org.br/api/idsc-br/buscarAllPerfilCidadeDetalhes,2026-09-01T10:54:12Z,7d7fa1eef9bb766463b234f9a104ddf2925af62ec69714df4a5a59e4c9e3ff20,OK
3130804,Ingaí,MG,3130804,53.43,1468,,CODIGO_IBGE,IDSC-BR,buscarAllPerfilCidadeDetalhes,Instituto Cidades Sustentáveis / IDSC-BR,https://www.cidadessustentaveis.org.br/api/idsc-br/buscarAllPerfilCidadeDetalhes,2026-09-01T10:54:12Z,48e22b49178507319f1c34b6748a08f5d0f7e614514c100387ad69ad43d8da98,OK
3130903,Inhapim,MG,3130903,54.08,1267,,CODIGO_IBGE,IDSC-BR,buscarAllPerfilCidadeDetalhes,Instituto Cidades Sustentáveis / IDSC-BR,https://www.cidadessustentaveis.org.br/api/idsc-br/buscarAllPerfilCidadeDetalhes,2026-09-01T10:54:12Z,047b82ca99619daeca60d2873d7414b4f387a28c15e43e482457b1ecf5630cf4,OK
3131000,Inhaúma,MG,3131000,60.77,116,,CODIGO_IBGE,IDSC-BR,buscarAllPerfilCidadeDetalhes,Instituto Cidades Sustentáveis / IDSC-BR,https://www.cidadessustentaveis.org.br/api/idsc-br/buscarAllPerfilCidadeDetalhes,2026-09-01T10:54:12Z,8967082910992aedf0055b20364ec51da18e76150d7dc15d846874637536f57b,OK
3131109,Inimutaba,MG,3131109,48.56,3375,,CODIGO_IBGE,IDSC-BR,buscarAllPerfilCidadeDetalhes,Instituto Cidades Sustentáveis / IDSC-BR,https://www.cidadessustentaveis.org.br/api/idsc-br/buscarAllPerfilCidadeDetalhes,2026-09-01T10:54:12Z,d3c8595a426e5832865b34d2397f30cb06ece9b6fd0eaaf9300426828c5e9a64,OK
3131158,Ipaba,MG,3131158,50.18,2734,,CODIGO_IBGE,IDSC-BR,buscarAllPerfilCidadeDetalhes,Instituto Cidades Sustentáveis / IDSC-BR,https://www.cidadessustentaveis.org.br/api/idsc-br/buscarAllPerfilCidadeDetalhes,2026-09-01T10:54:12Z,f547b11abb1529b35be4cce7a1b7a3118e6c846185cf61782b675e94ef9bd929,OK
3131208,Ipanema,MG,3131208,50.65,2547,,CODIGO_IBGE,IDSC-BR,buscarAllPerfilCidadeDetalhes,Instituto Cidades Sustentáveis / IDSC-BR,https://www.cidadessustentaveis.org.br/api/idsc-br/buscarAllPerfilCidadeDetalhes,2026-09-01T10:54:12Z,342dee709fb9a567681946ce7aeb0827841f59e693bbc02321fb2829c96659b0,OK
3131307,Ipatinga,MG,3131307,51.83,2060,,CODIGO_IBGE,IDSC-BR,buscarAllPerfilCidadeDetalhes,Instituto Cidades Sustentáveis / IDSC-BR,https://www.cidadessustentaveis.org.br/api/idsc-br/buscarAllPerfilCidadeDetalhes,2026-09-01T10:54:12Z,915f6a41a91e4a2b62e8e989d580a5160802281bae5d538db175338ccc8a33c7,OK
3131406,Ipiaçu,MG,3131406,51.82,2063,,CODIGO_IBGE,IDSC-BR,buscarAllPerfilCidadeDetalhes,Instituto Cidades Sustentáveis / IDSC-BR,https://www.cidadessustentaveis.org.br/api/idsc-br/buscarAllPerfilCidadeDetalhes,2026-09-01T10:54:12Z,d473337daf5d2875ba8f53d4380f0f1787a69584a200d47380250a55b9f2e017,OK
3131505,Ipuiúna,MG,3131505,52.46,1829,,CODIGO_IBGE,IDSC-BR,buscarAllPerfilCidadeDetalhes,Instituto Cidades Sustentáveis / IDSC-BR,https://www.cidadessustentaveis.org.br/api/idsc-br/buscarAllPerfilCidadeDetalhes,2026-09-01T10:54:12Z,eb3c48daee2dfeaa0a4dfb4011e220e465b2246283f3d7cadf681f791c1eeee6,OK
3131604,Iraí de Minas,MG,3131604,48.62,3354,,CODIGO_IBGE,IDSC-BR,buscarAllPerfilCidadeDetalhes,Instituto Cidades Sustentáveis / IDSC-BR,https://www.cidadessustentaveis.org.br/api/idsc-br/buscarAllPerfilCidadeDetalhes,2026-09-01T10:54:12Z,231ab60658defde9f8dfbabf10f20837e798bfad6cbd38be935307ef04fbe222,OK
3131703,Itabira,MG,3131703,56.19,740,,CODIGO_IBGE,IDSC-BR,buscarAllPerfilCidadeDetalhes,Instituto Cidades Sustentáveis / IDSC-BR,https://www.cidadessustentaveis.org.br/api/idsc-br/buscarAllPerfilCidadeDetalhes,2026-09-01T10:54:12Z,91310f8d80570b7cb9f84f18c538ecbe41aa2a2bf9b1b4e5b3e93c7ffbf5a664,OK
3131802,Itabirinha,MG,3131802,47.77,3692,,CODIGO_IBGE,IDSC-BR,buscarAllPerfilCidadeDetalhes,Instituto Cidades Sustentáveis / IDSC-BR,https://www.cidadessustentaveis.org.br/api/idsc-br/buscarAllPerfilCidadeDetalhes,2026-09-01T10:54:12Z,a5d06234dddfb96cd94b01bd03cbc06f59626a4e0e71e1cfd89382209ac800d5,OK
3131901,Itabirito,MG,3131901,59.16,248,,CODIGO_IBGE,IDSC-BR,buscarAllPerfilCidadeDetalhes,Instituto Cidades Sustentáveis / IDSC-BR,https://www.cidadessustentaveis.org.br/api/idsc-br/buscarAllPerfilCidadeDetalhes,2026-09-01T10:54:12Z,5c4754ff19df133e46b638896d8f80c9883e65fc0796f3efcb62b1b86bafc6a4,OK
3132008,Itacambira,MG,3132008,50.61,2566,,CODIGO_IBGE,IDSC-BR,buscarAllPerfilCidadeDetalhes,Instituto Cidades Sustentáveis / IDSC-BR,https://www.cidadessustentaveis.org.br/api/idsc-br/buscarAllPerfilCidadeDetalhes,2026-09-01T10:54:12Z,fe3aafd5847c2b46f7a6b5b0b27e64f8705f46770d3ab1d1d365e8e00ef76ed9,OK
3132107,Itacarambi,MG,3132107,52.23,1908,,CODIGO_IBGE,IDSC-BR,buscarAllPerfilCidadeDetalhes,Instituto Cidades Sustentáveis / IDSC-BR,https://www.cidadessustentaveis.org.br/api/idsc-br/buscarAllPerfilCidadeDetalhes,2026-09-01T10:54:12Z,ba468c4fa42836b1dbbd8754a229c425aa2971911514d8dc34bc128d8042a279,OK
3132206,Itaguara,MG,3132206,54.31,1199,,CODIGO_IBGE,IDSC-BR,buscarAllPerfilCidadeDetalhes,Instituto Cidades Sustentáveis / IDSC-BR,https://www.cidadessustentaveis.org.br/api/idsc-br/buscarAllPerfilCidadeDetalhes,2026-09-01T10:54:12Z,25f02827f4147454ffd53ac01262eea7104c6561bc3830681995e820f6485cea,OK
3132305,Itaipé,MG,3132305,45.59,4423,,CODIGO_IBGE,IDSC-BR,buscarAllPerfilCidadeDetalhes,Instituto Cidades Sustentáveis / IDSC-BR,https://www.cidadessustentaveis.org.br/api/idsc-br/buscarAllPerfilCidadeDetalhes,2026-09-01T10:54:12Z,cfa4895efc8381c5f056984bbd6a9f4f6c3dd9502376de40e46f49e23503efd9,OK
3132404,Itajubá,MG,3132404,59.32,237,,CODIGO_IBGE,IDSC-BR,buscarAllPerfilCidadeDetalhes,Instituto Cidades Sustentáveis / IDSC-BR,https://www.cidadessustentaveis.org.br/api/idsc-br/buscarAllPerfilCidadeDetalhes,2026-09-01T10:54:12Z,b3b1654462cf3dc512739d4681755220ddd0d6d0c44537c99db50402c4e73c5f,OK
3132503,Itamarandiba,MG,3132503,50.83,2468,,CODIGO_IBGE,IDSC-BR,buscarAllPerfilCidadeDetalhes,Instituto Cidades Sustentáveis / IDSC-BR,https://www.cidadessustentaveis.org.br/api/idsc-br/buscarAllPerfilCidadeDetalhes,2026-09-01T10:54:12Z,ae186afe64cd282ff787d69ef580d3713c94c3860c55f3a6f449472592c1baaa,OK
3132602,Itamarati de Minas,MG,3132602,55.15,971,,CODIGO_IBGE,IDSC-BR,buscarAllPerfilCidadeDetalhes,Instituto Cidades Sustentáveis / IDSC-BR,https://www.cidadessustentaveis.org.br/api/idsc-br/buscarAllPerfilCidadeDetalhes,2026-09-01T10:54:12Z,a5bd012b2e368f328f696dbebe9781816b537edc356ba51c79761f865570807b,OK
3132701,Itambacuri,MG,3132701,43.08,4998,,CODIGO_IBGE,IDSC-BR,buscarAllPerfilCidadeDetalhes,Instituto Cidades Sustentáveis / IDSC-BR,https://www.cidadessustentaveis.org.br/api/idsc-br/buscarAllPerfilCidadeDetalhes,2026-09-01T10:54:12Z,5aa750c44e9bf8a0bbb9960b7d131d123a31c23f90d802686777726dbe10cfe2,OK
3132800,Itambé do Mato Dentro,MG,3132800,61.35,76,,CODIGO_IBGE,IDSC-BR,buscarAllPerfilCidadeDetalhes,Instituto Cidades Sustentáveis / IDSC-BR,https://www.cidadessustentaveis.org.br/api/idsc-br/buscarAllPerfilCidadeDetalhes,2026-09-01T10:54:12Z,dbd51093c622a38d14004b5070911f391c051c2eaacc75e32acf03bba479889f,OK
3132909,Itamogi,MG,3132909,53.34,1500,,CODIGO_IBGE,IDSC-BR,buscarAllPerfilCidadeDetalhes,Instituto Cidades Sustentáveis / IDSC-BR,https://www.cidadessustentaveis.org.br/api/idsc-br/buscarAllPerfilCidadeDetalhes,2026-09-01T10:54:12Z,14882f38b1388065a7ec6fe16acbdaa048c1819cb626b384873fac02081d58e8,OK
3133006,Itamonte,MG,3133006,52.51,1806,,CODIGO_IBGE,IDSC-BR,buscarAllPerfilCidadeDetalhes,Instituto Cidades Sustentáveis / IDSC-BR,https://www.cidadessustentaveis.org.br/api/idsc-br/buscarAllPerfilCidadeDetalhes,2026-09-01T10:54:12Z,73b13ea7516741f7602301f6a085173e38e110ed4d40c6f22406353f6ed29886,OK
3133105,Itanhandu,MG,3133105,51.56,2159,,CODIGO_IBGE,IDSC-BR,buscarAllPerfilCidadeDetalhes,Instituto Cidades Sustentáveis / IDSC-BR,https://www.cidadessustentaveis.org.br/api/idsc-br/buscarAllPerfilCidadeDetalhes,2026-09-01T10:54:12Z,551b5945f7139d6f923b058c8da800a832d070711320f074139d43fc0f0b1f23,OK
3133204,Itanhomi,MG,3133204,49.97,2823,,CODIGO_IBGE,IDSC-BR,buscarAllPerfilCidadeDetalhes,Instituto Cidades Sustentáveis / IDSC-BR,https://www.cidadessustentaveis.org.br/api/idsc-br/buscarAllPerfilCidadeDetalhes,2026-09-01T10:54:12Z,e63a091311dbe34b787424a1f0513b4b14b587e762e68d0e6f394116c607ff26,OK
3133303,Itaobim,MG,3133303,51.52,2183,,CODIGO_IBGE,IDSC-BR,buscarAllPerfilCidadeDetalhes,Instituto Cidades Sustentáveis / IDSC-BR,https://www.cidadessustentaveis.org.br/api/idsc-br/buscarAllPerfilCidadeDetalhes,2026-09-01T10:54:12Z,6dffb3007d1a635939d81a974f488feab1455e30744216e63d06a47f40ab1a77,OK
3133402,Itapagipe,MG,3133402,50.72,2520,,CODIGO_IBGE,IDSC-BR,buscarAllPerfilCidadeDetalhes,Instituto Cidades Sustentáveis / IDSC-BR,https://www.cidadessustentaveis.org.br/api/idsc-br/buscarAllPerfilCidadeDetalhes,2026-09-01T10:54:12Z,b2d45bc3c7247e965fdd0176b58b10b1ac2e9c00ab8639d38a93fd23c7df6020,OK
3133501,Itapecerica,MG,3133501,53.96,1299,,CODIGO_IBGE,IDSC-BR,buscarAllPerfilCidadeDetalhes,Instituto Cidades Sustentáveis / IDSC-BR,https://www.cidadessustentaveis.org.br/api/idsc-br/buscarAllPerfilCidadeDetalhes,2026-09-01T10:54:12Z,2e09c814c54b27b46d7e393c779ec145d3f3679edfda3a0b6ca7dfdbce2704c5,OK
3133600,Itapeva,MG,3133600,56.34,706,,CODIGO_IBGE,IDSC-BR,buscarAllPerfilCidadeDetalhes,Instituto Cidades Sustentáveis / IDSC-BR,https://www.cidadessustentaveis.org.br/api/idsc-br/buscarAllPerfilCidadeDetalhes,2026-09-01T10:54:12Z,10d1250f2a309039ecf110291f8757fd416ce34ba5b65d00e636149714b4edc6,OK
3133709,Itatiaiuçu,MG,3133709,54.52,1139,,CODIGO_IBGE,IDSC-BR,buscarAllPerfilCidadeDetalhes,Instituto Cidades Sustentáveis / IDSC-BR,https://www.cidadessustentaveis.org.br/api/idsc-br/buscarAllPerfilCidadeDetalhes,2026-09-01T10:54:12Z,51c8d27f8c058ff04d3e203874cfc696a5d2a0d21e0d44921c01c78e3d5aace6,OK
3133758,Itaú de Minas,MG,3133758,53.17,1567,,CODIGO_IBGE,IDSC-BR,buscarAllPerfilCidadeDetalhes,Instituto Cidades Sustentáveis / IDSC-BR,https://www.cidadessustentaveis.org.br/api/idsc-br/buscarAllPerfilCidadeDetalhes,2026-09-01T10:54:12Z,26de06f321c3f274c585e0f2fa69a61a4abe50e189edf6b3699e29c0c85bfa44,OK
3133808,Itaúna,MG,3133808,51.56,2163,,CODIGO_IBGE,IDSC-BR,buscarAllPerfilCidadeDetalhes,Instituto Cidades Sustentáveis / IDSC-BR,https://www.cidadessustentaveis.org.br/api/idsc-br/buscarAllPerfilCidadeDetalhes,2026-09-01T10:54:12Z,7626f13cee2e970c3de597ff07144c9c21c557fd822f48796e1e91a7361daecb,OK
3133907,Itaverava,MG,3133907,52.55,1793,,CODIGO_IBGE,IDSC-BR,buscarAllPerfilCidadeDetalhes,Instituto Cidades Sustentáveis / IDSC-BR,https://www.cidadessustentaveis.org.br/api/idsc-br/buscarAllPerfilCidadeDetalhes,2026-09-01T10:54:12Z,b7223d7b01ef0a973e221db23d6c0b928f5cfa81ccdb91d47e39d8f0eba1ed52,OK
3134004,Itinga,MG,3134004,48.8,3285,,CODIGO_IBGE,IDSC-BR,buscarAllPerfilCidadeDetalhes,Instituto Cidades Sustentáveis / IDSC-BR,https://www.cidadessustentaveis.org.br/api/idsc-br/buscarAllPerfilCidadeDetalhes,2026-09-01T10:54:12Z,7fc2845be787a9ab2ae43b9da2a3b22ddba21b4a50fe8c4d74fba95b8bae6f25,OK
3134103,Itueta,MG,3134103,54.35,1189,,CODIGO_IBGE,IDSC-BR,buscarAllPerfilCidadeDetalhes,Instituto Cidades Sustentáveis / IDSC-BR,https://www.cidadessustentaveis.org.br/api/idsc-br/buscarAllPerfilCidadeDetalhes,2026-09-01T10:54:12Z,30e0cfe252e6d6fbf109f003fda21c561367dd0153b7855a26830cfd6a17e182,OK
3134202,Ituiutaba,MG,3134202,53.14,1573,,CODIGO_IBGE,IDSC-BR,buscarAllPerfilCidadeDetalhes,Instituto Cidades Sustentáveis / IDSC-BR,https://www.cidadessustentaveis.org.br/api/idsc-br/buscarAllPerfilCidadeDetalhes,2026-09-01T10:54:12Z,4f36c73c19b7b856b804147944c38a9987d0004c7cf187721ced9fddc95f8afe,OK
3134301,Itumirim,MG,3134301,52.64,1756,,CODIGO_IBGE,IDSC-BR,buscarAllPerfilCidadeDetalhes,Instituto Cidades Sustentáveis / IDSC-BR,https://www.cidadessustentaveis.org.br/api/idsc-br/buscarAllPerfilCidadeDetalhes,2026-09-01T10:54:12Z,26c7498ecba41d8d0549247ebbee34de298062235837e6bc5a76b4add60e1518,OK
3134400,Iturama,MG,3134400,55.84,812,,CODIGO_IBGE,IDSC-BR,buscarAllPerfilCidadeDetalhes,Instituto Cidades Sustentáveis / IDSC-BR,https://www.cidadessustentaveis.org.br/api/idsc-br/buscarAllPerfilCidadeDetalhes,2026-09-01T10:54:12Z,b71b78cbae60666609e46eacbe650153ab3b73d8f8ad82a085ab43c76c265881,OK
3134509,Itutinga,MG,3134509,56.62,641,,CODIGO_IBGE,IDSC-BR,buscarAllPerfilCidadeDetalhes,Instituto Cidades Sustentáveis / IDSC-BR,https://www.cidadessustentaveis.org.br/api/idsc-br/buscarAllPerfilCidadeDetalhes,2026-09-01T10:54:12Z,a2fcf78b3d395ed646d71fb99004b47c9f859d1dce3d6d3a4d957f3aa592e078,OK
3134608,Jaboticatubas,MG,3134608,50.38,2651,,CODIGO_IBGE,IDSC-BR,buscarAllPerfilCidadeDetalhes,Instituto Cidades Sustentáveis / IDSC-BR,https://www.cidadessustentaveis.org.br/api/idsc-br/buscarAllPerfilCidadeDetalhes,2026-09-01T10:54:12Z,4035f5fead3eac7c0f007aa84ad1679c3a4fd4dac010302d04301db7c547cc8b,OK
3134707,Jacinto,MG,3134707,45.77,4356,,CODIGO_IBGE,IDSC-BR,buscarAllPerfilCidadeDetalhes,Instituto Cidades Sustentáveis / IDSC-BR,https://www.cidadessustentaveis.org.br/api/idsc-br/buscarAllPerfilCidadeDetalhes,2026-09-01T10:54:12Z,c2f4f8e3618daeb46bf8576f6597279346b9f2254101e7444b63eb575601fdbe,OK
3134806,Jacuí,MG,3134806,51.71,2099,,CODIGO_IBGE,IDSC-BR,buscarAllPerfilCidadeDetalhes,Instituto Cidades Sustentáveis / IDSC-BR,https://www.cidadessustentaveis.org.br/api/idsc-br/buscarAllPerfilCidadeDetalhes,2026-09-01T10:54:12Z,b73a03a12adae33414317ef1f9bf261c792e4e3822ba6c6f6316b07997a81e56,OK
3134905,Jacutinga,MG,3134905,55.78,830,,CODIGO_IBGE,IDSC-BR,buscarAllPerfilCidadeDetalhes,Instituto Cidades Sustentáveis / IDSC-BR,https://www.cidadessustentaveis.org.br/api/idsc-br/buscarAllPerfilCidadeDetalhes,2026-09-01T10:54:12Z,3787a93826b3593d86fd8a4a0d026dd0f0f82a0f94755f59be2b26438ae99fc1,OK
3135001,Jaguaraçu,MG,3135001,51.49,2200,,CODIGO_IBGE,IDSC-BR,buscarAllPerfilCidadeDetalhes,Instituto Cidades Sustentáveis / IDSC-BR,https://www.cidadessustentaveis.org.br/api/idsc-br/buscarAllPerfilCidadeDetalhes,2026-09-01T10:54:12Z,bc9290014791ec654faa722844a5300a99156edf521291129a6d278b5e9eae63,OK
3135050,Jaíba,MG,3135050,44.38,4745,,CODIGO_IBGE,IDSC-BR,buscarAllPerfilCidadeDetalhes,Instituto Cidades Sustentáveis / IDSC-BR,https://www.cidadessustentaveis.org.br/api/idsc-br/buscarAllPerfilCidadeDetalhes,2026-09-01T10:54:12Z,cf7c13674b8a4a5886aab9f05df5a2b0c07ce52c13459b4e7c4d36a2ae186e63,OK
3135076,Jampruca,MG,3135076,51.43,2229,,CODIGO_IBGE,IDSC-BR,buscarAllPerfilCidadeDetalhes,Instituto Cidades Sustentáveis / IDSC-BR,https://www.cidadessustentaveis.org.br/api/idsc-br/buscarAllPerfilCidadeDetalhes,2026-09-01T10:54:12Z,0f358f5837d8cc6f4ff40b568456f0c95019fa12c201365aa3696c4f2d485cbc,OK
3135100,Janaúba,MG,3135100,53.28,1524,,CODIGO_IBGE,IDSC-BR,buscarAllPerfilCidadeDetalhes,Instituto Cidades Sustentáveis / IDSC-BR,https://www.cidadessustentaveis.org.br/api/idsc-br/buscarAllPerfilCidadeDetalhes,2026-09-01T10:54:12Z,1e3188bc8bd26f396a6e47b8aec93097a9b9f9e224ba0ff595a2fa6a17320288,OK
3135209,Januária,MG,3135209,49.79,2897,,CODIGO_IBGE,IDSC-BR,buscarAllPerfilCidadeDetalhes,Instituto Cidades Sustentáveis / IDSC-BR,https://www.cidadessustentaveis.org.br/api/idsc-br/buscarAllPerfilCidadeDetalhes,2026-09-01T10:54:12Z,9f3c902bc0e8f10d4e383f4f5d02652120c569ea8feb4edbf9752a7c1e195615,OK
3135308,Japaraíba,MG,3135308,58.93,275,,CODIGO_IBGE,IDSC-BR,buscarAllPerfilCidadeDetalhes,Instituto Cidades Sustentáveis / IDSC-BR,https://www.cidadessustentaveis.org.br/api/idsc-br/buscarAllPerfilCidadeDetalhes,2026-09-01T10:54:12Z,05a15fc3b962e336593beb72c0fe63af35c0c9239649b47e145700a124c3e3bd,OK
3135357,Japonvar,MG,3135357,54.56,1126,,CODIGO_IBGE,IDSC-BR,buscarAllPerfilCidadeDetalhes,Instituto Cidades Sustentáveis / IDSC-BR,https://www.cidadessustentaveis.org.br/api/idsc-br/buscarAllPerfilCidadeDetalhes,2026-09-01T10:54:12Z,9ded364e6ae9a921166345365e4a1abc7b7495e87866c28eb5487e99371e6c33,OK
3135407,Jeceaba,MG,3135407,56.08,765,,CODIGO_IBGE,IDSC-BR,buscarAllPerfilCidadeDetalhes,Instituto Cidades Sustentáveis / IDSC-BR,https://www.cidadessustentaveis.org.br/api/idsc-br/buscarAllPerfilCidadeDetalhes,2026-09-01T10:54:12Z,dd8e81194350a20dc0f50c32e4a90f6faf8c8463b229b46f85110c12390248ff,OK
3135456,Jenipapo de Minas,MG,3135456,57.01,564,,CODIGO_IBGE,IDSC-BR,buscarAllPerfilCidadeDetalhes,Instituto Cidades Sustentáveis / IDSC-BR,https://www.cidadessustentaveis.org.br/api/idsc-br/buscarAllPerfilCidadeDetalhes,2026-09-01T10:54:12Z,6c7a955e7476a281e735869ff0ffc12058acaebfabe63758ff58f21635b59f3e,OK
3135506,Jequeri,MG,3135506,47.32,3854,,CODIGO_IBGE,IDSC-BR,buscarAllPerfilCidadeDetalhes,Instituto Cidades Sustentáveis / IDSC-BR,https://www.cidadessustentaveis.org.br/api/idsc-br/buscarAllPerfilCidadeDetalhes,2026-09-01T10:54:12Z,df318877976a6a5912397f776fd5c4fb940b6e55bcf4b464bffddf53ebc4c04f,OK
3135605,Jequitaí,MG,3135605,45.19,4518,,CODIGO_IBGE,IDSC-BR,buscarAllPerfilCidadeDetalhes,Instituto Cidades Sustentáveis / IDSC-BR,https://www.cidadessustentaveis.org.br/api/idsc-br/buscarAllPerfilCidadeDetalhes,2026-09-01T10:54:12Z,2ca4f917bc49a7c68b373fada3fbfd4a6778e842021cf53a9d5d7665465e6acc,OK
3135704,Jequitibá,MG,3135704,49.63,2956,,CODIGO_IBGE,IDSC-BR,buscarAllPerfilCidadeDetalhes,Instituto Cidades Sustentáveis / IDSC-BR,https://www.cidadessustentaveis.org.br/api/idsc-br/buscarAllPerfilCidadeDetalhes,2026-09-01T10:54:12Z,4730e648cf14d07f99a6017bf1f6d2b5035288f2b4f36e796662930c3c51ca59,OK
3135803,Jequitinhonha,MG,3135803,51.7,2100,,CODIGO_IBGE,IDSC-BR,buscarAllPerfilCidadeDetalhes,Instituto Cidades Sustentáveis / IDSC-BR,https://www.cidadessustentaveis.org.br/api/idsc-br/buscarAllPerfilCidadeDetalhes,2026-09-01T10:54:12Z,949509d18803b5e475ef759ad3d2fe03ce4d76185b9f171f35bbd13b2d3b2edf,OK
3135902,Jesuânia,MG,3135902,51.3,2282,,CODIGO_IBGE,IDSC-BR,buscarAllPerfilCidadeDetalhes,Instituto Cidades Sustentáveis / IDSC-BR,https://www.cidadessustentaveis.org.br/api/idsc-br/buscarAllPerfilCidadeDetalhes,2026-09-01T10:54:12Z,71041012f7b0b94e3d0ebb4279373ad527f648d0454353aa2d2df22f6583ce7c,OK
3136009,Joaíma,MG,3136009,47.25,3873,,CODIGO_IBGE,IDSC-BR,buscarAllPerfilCidadeDetalhes,Instituto Cidades Sustentáveis / IDSC-BR,https://www.cidadessustentaveis.org.br/api/idsc-br/buscarAllPerfilCidadeDetalhes,2026-09-01T10:54:12Z,0a39b324a2301c1a5800a5288cd9028aa7c3e8e7fa73f6a70e75884db05b9508,OK
3136108,Joanésia,MG,3136108,55.35,936,,CODIGO_IBGE,IDSC-BR,buscarAllPerfilCidadeDetalhes,Instituto Cidades Sustentáveis / IDSC-BR,https://www.cidadessustentaveis.org.br/api/idsc-br/buscarAllPerfilCidadeDetalhes,2026-09-01T10:54:12Z,351b7895e1045176d43a2d4472d877d8d48e52dcd640f280552532792591d5d2,OK
3136207,João Monlevade,MG,3136207,50.58,2576,,CODIGO_IBGE,IDSC-BR,buscarAllPerfilCidadeDetalhes,Instituto Cidades Sustentáveis / IDSC-BR,https://www.cidadessustentaveis.org.br/api/idsc-br/buscarAllPerfilCidadeDetalhes,2026-09-01T10:54:12Z,3f5c12edd1f99b541150bd0a8faee240e0837b8956a8564e96908c8b7aaa52a8,OK
3136306,João Pinheiro,MG,3136306,52.51,1809,,CODIGO_IBGE,IDSC-BR,buscarAllPerfilCidadeDetalhes,Instituto Cidades Sustentáveis / IDSC-BR,https://www.cidadessustentaveis.org.br/api/idsc-br/buscarAllPerfilCidadeDetalhes,2026-09-01T10:54:12Z,59b89fbd4121b367e660392415c9d2972fbe6718036e3d42a40fc7e7503f55cd,OK
3136405,Joaquim Felício,MG,3136405,52.0,1992,,CODIGO_IBGE,IDSC-BR,buscarAllPerfilCidadeDetalhes,Instituto Cidades Sustentáveis / IDSC-BR,https://www.cidadessustentaveis.org.br/api/idsc-br/buscarAllPerfilCidadeDetalhes,2026-09-01T10:54:12Z,57ea358d8b387c1ffa9737a7b375cd8463f7ae8500a5af912ec925161838847d,OK
3136504,Jordânia,MG,3136504,49.73,2919,,CODIGO_IBGE,IDSC-BR,buscarAllPerfilCidadeDetalhes,Instituto Cidades Sustentáveis / IDSC-BR,https://www.cidadessustentaveis.org.br/api/idsc-br/buscarAllPerfilCidadeDetalhes,2026-09-01T10:54:12Z,c47aac90c9763c65dc5d3aa12ae8023232a14953181c71b1b0b63ab01eee6ff6,OK
3136520,José Gonçalves de Minas,MG,3136520,53.01,1613,,CODIGO_IBGE,IDSC-BR,buscarAllPerfilCidadeDetalhes,Instituto Cidades Sustentáveis / IDSC-BR,https://www.cidadessustentaveis.org.br/api/idsc-br/buscarAllPerfilCidadeDetalhes,2026-09-01T10:54:12Z,9dbc21f106dbb995fd85f60457c150080aca8f08789ec416b732a7a4d1b11b05,OK
3136553,José Raydan,MG,3136553,50.08,2776,,CODIGO_IBGE,IDSC-BR,buscarAllPerfilCidadeDetalhes,Instituto Cidades Sustentáveis / IDSC-BR,https://www.cidadessustentaveis.org.br/api/idsc-br/buscarAllPerfilCidadeDetalhes,2026-09-01T10:54:12Z,4f396c987d84ce7de14f340ce2ac94363b64ffdee477f2fc484d90f7b7b43317,OK
3136579,Josenópolis,MG,3136579,47.09,3928,,CODIGO_IBGE,IDSC-BR,buscarAllPerfilCidadeDetalhes,Instituto Cidades Sustentáveis / IDSC-BR,https://www.cidadessustentaveis.org.br/api/idsc-br/buscarAllPerfilCidadeDetalhes,2026-09-01T10:54:12Z,328df03f77130cac85424fc5bfd66beb19a5ba38291fea3d7055c40e3e526322,OK
3136603,Nova União,MG,3136603,50.73,2515,,CODIGO_IBGE,IDSC-BR,buscarAllPerfilCidadeDetalhes,Instituto Cidades Sustentáveis / IDSC-BR,https://www.cidadessustentaveis.org.br/api/idsc-br/buscarAllPerfilCidadeDetalhes,2026-09-01T10:54:12Z,1a20b8e0b44d09b8366833698a5fd5329e8b2138e4188fd89606fc20537fe0d3,OK
3136652,Juatuba,MG,3136652,48.9,3233,,CODIGO_IBGE,IDSC-BR,buscarAllPerfilCidadeDetalhes,Instituto Cidades Sustentáveis / IDSC-BR,https://www.cidadessustentaveis.org.br/api/idsc-br/buscarAllPerfilCidadeDetalhes,2026-09-01T10:54:12Z,8feaee465f8ac39e2b61da089b7857f08dd480cb982930cfd6006dafd73f0739,OK
3136702,Juiz de Fora,MG,3136702,47.87,3645,,CODIGO_IBGE,IDSC-BR,buscarAllPerfilCidadeDetalhes,Instituto Cidades Sustentáveis / IDSC-BR,https://www.cidadessustentaveis.org.br/api/idsc-br/buscarAllPerfilCidadeDetalhes,2026-09-01T10:54:12Z,9123e2a320b8b60bdb9fb028d495d0223b305e811fead5542a2f0e2b7fe7ba8e,OK
3136801,Juramento,MG,3136801,53.1,1587,,CODIGO_IBGE,IDSC-BR,buscarAllPerfilCidadeDetalhes,Instituto Cidades Sustentáveis / IDSC-BR,https://www.cidadessustentaveis.org.br/api/idsc-br/buscarAllPerfilCidadeDetalhes,2026-09-01T10:54:12Z,fe7ab46e6dd10e09373fc9d551b1c589b0b54ce81fa568696f6e72b0fd11cf1c,OK
3136900,Juruaia,MG,3136900,49.88,2859,,CODIGO_IBGE,IDSC-BR,buscarAllPerfilCidadeDetalhes,Instituto Cidades Sustentáveis / IDSC-BR,https://www.cidadessustentaveis.org.br/api/idsc-br/buscarAllPerfilCidadeDetalhes,2026-09-01T10:54:12Z,8d47ab9e3fe7b34fb7f14e7297dd67be81c5fcc64c7056642f883ba01c7854e1,OK
3136959,Juvenília,MG,3136959,44.33,4761,,CODIGO_IBGE,IDSC-BR,buscarAllPerfilCidadeDetalhes,Instituto Cidades Sustentáveis / IDSC-BR,https://www.cidadessustentaveis.org.br/api/idsc-br/buscarAllPerfilCidadeDetalhes,2026-09-01T10:54:12Z,29b59a1e588acc4cf65f7d93eef6137f5a092b26cbf4bf9cf4ef96e1ab735d1d,OK
3137007,Ladainha,MG,3137007,45.82,4339,,CODIGO_IBGE,IDSC-BR,buscarAllPerfilCidadeDetalhes,Instituto Cidades Sustentáveis / IDSC-BR,https://www.cidadessustentaveis.org.br/api/idsc-br/buscarAllPerfilCidadeDetalhes,2026-09-01T10:54:12Z,1cbcd6559832e93d9067f20e07b419342322ab3a6e13b38ba8fd0be651061949,OK
3137106,Lagamar,MG,3137106,51.15,2344,,CODIGO_IBGE,IDSC-BR,buscarAllPerfilCidadeDetalhes,Instituto Cidades Sustentáveis / IDSC-BR,https://www.cidadessustentaveis.org.br/api/idsc-br/buscarAllPerfilCidadeDetalhes,2026-09-01T10:54:12Z,940d1d265ceafdc2b5515ca4b3173de5aaceb3b317435e41146a8008ddf878f4,OK
3137205,Lagoa da Prata,MG,3137205,50.72,2517,,CODIGO_IBGE,IDSC-BR,buscarAllPerfilCidadeDetalhes,Instituto Cidades Sustentáveis / IDSC-BR,https://www.cidadessustentaveis.org.br/api/idsc-br/buscarAllPerfilCidadeDetalhes,2026-09-01T10:54:12Z,9fb7380bb9c8b1c15925d0cff699a78af28bf4add24142881b6829f171c41262,OK
3137304,Lagoa dos Patos,MG,3137304,51.24,2306,,CODIGO_IBGE,IDSC-BR,buscarAllPerfilCidadeDetalhes,Instituto Cidades Sustentáveis / IDSC-BR,https://www.cidadessustentaveis.org.br/api/idsc-br/buscarAllPerfilCidadeDetalhes,2026-09-01T10:54:12Z,dbb557e69e6eeac4b5e1afff3b87912b2bf0eb74d769314fd9b42ec5f67f85b0,OK
3137403,Lagoa Dourada,MG,3137403,50.39,2650,,CODIGO_IBGE,IDSC-BR,buscarAllPerfilCidadeDetalhes,Instituto Cidades Sustentáveis / IDSC-BR,https://www.cidadessustentaveis.org.br/api/idsc-br/buscarAllPerfilCidadeDetalhes,2026-09-01T10:54:12Z,6348b932e8a79309cf8d5665d3d26e4e9ccbd8ef0f2960dca36d251cb0b8fe58,OK
3137502,Lagoa Formosa,MG,3137502,54.97,1022,,CODIGO_IBGE,IDSC-BR,buscarAllPerfilCidadeDetalhes,Instituto Cidades Sustentáveis / IDSC-BR,https://www.cidadessustentaveis.org.br/api/idsc-br/buscarAllPerfilCidadeDetalhes,2026-09-01T10:54:12Z,38eb191c6e201001a75921d92eea315ea04e97631a8a95a4cfcaa5dd1b5e19fb,OK
3137536,Lagoa Grande,MG,3137536,46.82,4031,,CODIGO_IBGE,IDSC-BR,buscarAllPerfilCidadeDetalhes,Instituto Cidades Sustentáveis / IDSC-BR,https://www.cidadessustentaveis.org.br/api/idsc-br/buscarAllPerfilCidadeDetalhes,2026-09-01T10:54:12Z,518da70c67fe628e21cb6fd5ec65e6b68de7ceb805223580414f5608894ce1f5,OK
3137601,Lagoa Santa,MG,3137601,54.5,1145,,CODIGO_IBGE,IDSC-BR,buscarAllPerfilCidadeDetalhes,Instituto Cidades Sustentáveis / IDSC-BR,https://www.cidadessustentaveis.org.br/api/idsc-br/buscarAllPerfilCidadeDetalhes,2026-09-01T10:54:12Z,025ad3c6ac4d59ebdf9d77385605cdff9ff49e2bd79c7ecd73b9d45bb243732d,OK
3137700,Lajinha,MG,3137700,49.67,2938,,CODIGO_IBGE,IDSC-BR,buscarAllPerfilCidadeDetalhes,Instituto Cidades Sustentáveis / IDSC-BR,https://www.cidadessustentaveis.org.br/api/idsc-br/buscarAllPerfilCidadeDetalhes,2026-09-01T10:54:12Z,0cedbe87f6306478bf611a694b6b57433b78ca7c314475c8c5ee96d1c6709826,OK
3137809,Lambari,MG,3137809,51.06,2379,,CODIGO_IBGE,IDSC-BR,buscarAllPerfilCidadeDetalhes,Instituto Cidades Sustentáveis / IDSC-BR,https://www.cidadessustentaveis.org.br/api/idsc-br/buscarAllPerfilCidadeDetalhes,2026-09-01T10:54:12Z,29e34d18c181140f194d8801109a43eb930962d3d1f9834e551eab4951657c05,OK
3137908,Lamim,MG,3137908,53.82,1348,,CODIGO_IBGE,IDSC-BR,buscarAllPerfilCidadeDetalhes,Instituto Cidades Sustentáveis / IDSC-BR,https://www.cidadessustentaveis.org.br/api/idsc-br/buscarAllPerfilCidadeDetalhes,2026-09-01T10:54:12Z,cb83b05bc9691da15ab625feefb2e0cd60e4cd67ec8f8755e96762d055d6ceb3,OK
3138005,Laranjal,MG,3138005,53.79,1362,,CODIGO_IBGE,IDSC-BR,buscarAllPerfilCidadeDetalhes,Instituto Cidades Sustentáveis / IDSC-BR,https://www.cidadessustentaveis.org.br/api/idsc-br/buscarAllPerfilCidadeDetalhes,2026-09-01T10:54:12Z,a36e6eaa2e6d1560660d1979f48a9b0f07a91f974dbbf797788629fae40bfa4a,OK
3138104,Lassance,MG,3138104,50.83,2473,,CODIGO_IBGE,IDSC-BR,buscarAllPerfilCidadeDetalhes,Instituto Cidades Sustentáveis / IDSC-BR,https://www.cidadessustentaveis.org.br/api/idsc-br/buscarAllPerfilCidadeDetalhes,2026-09-01T10:54:12Z,b232da485122adf2206b874d84a932a0f85d13f24465c79ad9c202cc8291de94,OK
3138203,Lavras,MG,3138203,57.85,431,,CODIGO_IBGE,IDSC-BR,buscarAllPerfilCidadeDetalhes,Instituto Cidades Sustentáveis / IDSC-BR,https://www.cidadessustentaveis.org.br/api/idsc-br/buscarAllPerfilCidadeDetalhes,2026-09-01T10:54:12Z,1bd8674aa91a00ff563fb4f9a5f7abb0c4d83d94566159afe9ab2092550ee21e,OK
3138302,Leandro Ferreira,MG,3138302,55.83,816,,CODIGO_IBGE,IDSC-BR,buscarAllPerfilCidadeDetalhes,Instituto Cidades Sustentáveis / IDSC-BR,https://www.cidadessustentaveis.org.br/api/idsc-br/buscarAllPerfilCidadeDetalhes,2026-09-01T10:54:12Z,6039704f1b8c242471caf4fc870604ae7c2e1dc70edb2d23e06c6a4523b6b5de,OK
3138351,Leme do Prado,MG,3138351,59.63,199,,CODIGO_IBGE,IDSC-BR,buscarAllPerfilCidadeDetalhes,Instituto Cidades Sustentáveis / IDSC-BR,https://www.cidadessustentaveis.org.br/api/idsc-br/buscarAllPerfilCidadeDetalhes,2026-09-01T10:54:12Z,f6d8f19f765ada33544df7aa334899defb43530abf488e96c1afbba0f7423eaf,OK
3138401,Leopoldina,MG,3138401,47.22,3883,,CODIGO_IBGE,IDSC-BR,buscarAllPerfilCidadeDetalhes,Instituto Cidades Sustentáveis / IDSC-BR,https://www.cidadessustentaveis.org.br/api/idsc-br/buscarAllPerfilCidadeDetalhes,2026-09-01T10:54:12Z,a018b9182c342888e790dec997ff3ddb65f71d099fd7e0c0ed32a28aba7ee323,OK
3138500,Liberdade,MG,3138500,54.37,1178,,CODIGO_IBGE,IDSC-BR,buscarAllPerfilCidadeDetalhes,Instituto Cidades Sustentáveis / IDSC-BR,https://www.cidadessustentaveis.org.br/api/idsc-br/buscarAllPerfilCidadeDetalhes,2026-09-01T10:54:12Z,7e0b2f93feaa0c1ceb58eb78776791fbe42d0778eaea5574bb75732fcb3988c8,OK
3138609,Lima Duarte,MG,3138609,48.49,3411,,CODIGO_IBGE,IDSC-BR,buscarAllPerfilCidadeDetalhes,Instituto Cidades Sustentáveis / IDSC-BR,https://www.cidadessustentaveis.org.br/api/idsc-br/buscarAllPerfilCidadeDetalhes,2026-09-01T10:54:12Z,ce681d76bdf3f45fbb54f0434b41216d9c01fa492e38d1b13e7285bf99a076d3,OK
3138625,Limeira do Oeste,MG,3138625,53.2,1556,,CODIGO_IBGE,IDSC-BR,buscarAllPerfilCidadeDetalhes,Instituto Cidades Sustentáveis / IDSC-BR,https://www.cidadessustentaveis.org.br/api/idsc-br/buscarAllPerfilCidadeDetalhes,2026-09-01T10:54:12Z,b112592d5f383d6986a604d88537bcf62ab2ff0a74a91cf8bb719f7539272dba,OK
3138658,Lontra,MG,3138658,50.36,2659,,CODIGO_IBGE,IDSC-BR,buscarAllPerfilCidadeDetalhes,Instituto Cidades Sustentáveis / IDSC-BR,https://www.cidadessustentaveis.org.br/api/idsc-br/buscarAllPerfilCidadeDetalhes,2026-09-01T10:54:12Z,372cd0337fc702e281b6ff3a089091f26b879e1b90440e57592ea5462832da9e,OK
3138674,Luisburgo,MG,3138674,50.66,2542,,CODIGO_IBGE,IDSC-BR,buscarAllPerfilCidadeDetalhes,Instituto Cidades Sustentáveis / IDSC-BR,https://www.cidadessustentaveis.org.br/api/idsc-br/buscarAllPerfilCidadeDetalhes,2026-09-01T10:54:12Z,a2698f63f924f32e9e32e318a400095fa17baaf943745cd7fbd07f264c848d3c,OK
3138682,Luislândia,MG,3138682,46.31,4210,,CODIGO_IBGE,IDSC-BR,buscarAllPerfilCidadeDetalhes,Instituto Cidades Sustentáveis / IDSC-BR,https://www.cidadessustentaveis.org.br/api/idsc-br/buscarAllPerfilCidadeDetalhes,2026-09-01T10:54:12Z,863f1df6993742ad78523165ccc9ff9d6ecbae1689d462bede71d1ed81985c43,OK
3138708,Luminárias,MG,3138708,49.54,2993,,CODIGO_IBGE,IDSC-BR,buscarAllPerfilCidadeDetalhes,Instituto Cidades Sustentáveis / IDSC-BR,https://www.cidadessustentaveis.org.br/api/idsc-br/buscarAllPerfilCidadeDetalhes,2026-09-01T10:54:12Z,715b7b48036c28c2b436f2311c9d69bdc60afe04db6805e2d5acf99816ad2a7c,OK
3138807,Luz,MG,3138807,57.49,490,,CODIGO_IBGE,IDSC-BR,buscarAllPerfilCidadeDetalhes,Instituto Cidades Sustentáveis / IDSC-BR,https://www.cidadessustentaveis.org.br/api/idsc-br/buscarAllPerfilCidadeDetalhes,2026-09-01T10:54:12Z,2d1827fa6e3868d70cffa5d8616dc2b3174ddb855bc33c98a6b6da8fb6e88036,OK
3138906,Machacalis,MG,3138906,52.94,1646,,CODIGO_IBGE,IDSC-BR,buscarAllPerfilCidadeDetalhes,Instituto Cidades Sustentáveis / IDSC-BR,https://www.cidadessustentaveis.org.br/api/idsc-br/buscarAllPerfilCidadeDetalhes,2026-09-01T10:54:12Z,d9b533fb7f5c66eb58cd91259c3f0b34135cbe55cc65bc6d4dc3d0246da5394e,OK
3139003,Machado,MG,3139003,57.74,454,,CODIGO_IBGE,IDSC-BR,buscarAllPerfilCidadeDetalhes,Instituto Cidades Sustentáveis / IDSC-BR,https://www.cidadessustentaveis.org.br/api/idsc-br/buscarAllPerfilCidadeDetalhes,2026-09-01T10:54:12Z,04466e81384967a0523d70728f9b655371cf8482f3ffb1ad981730712e9c0dbf,OK
3139102,Madre de Deus de Minas,MG,3139102,49.83,2877,,CODIGO_IBGE,IDSC-BR,buscarAllPerfilCidadeDetalhes,Instituto Cidades Sustentáveis / IDSC-BR,https://www.cidadessustentaveis.org.br/api/idsc-br/buscarAllPerfilCidadeDetalhes,2026-09-01T10:54:12Z,6d6e3b8dd54335070383f9b2b4e3508daacd25b5a14dd60e53618ed5ad5baff1,OK
3139201,Malacacheta,MG,3139201,53.64,1403,,CODIGO_IBGE,IDSC-BR,buscarAllPerfilCidadeDetalhes,Instituto Cidades Sustentáveis / IDSC-BR,https://www.cidadessustentaveis.org.br/api/idsc-br/buscarAllPerfilCidadeDetalhes,2026-09-01T10:54:12Z,25629faef88916ae1ecbfbf4834bf627bd4c695c461cdc8b68b3a8499d37f0fd,OK
3139250,Mamonas,MG,3139250,55.13,976,,CODIGO_IBGE,IDSC-BR,buscarAllPerfilCidadeDetalhes,Instituto Cidades Sustentáveis / IDSC-BR,https://www.cidadessustentaveis.org.br/api/idsc-br/buscarAllPerfilCidadeDetalhes,2026-09-01T10:54:12Z,e88e78e2b827c6a81bab315b724d4b5c5a1d75d8c521c4dd82257f9261b8565a,OK
3139300,Manga,MG,3139300,45.66,4405,,CODIGO_IBGE,IDSC-BR,buscarAllPerfilCidadeDetalhes,Instituto Cidades Sustentáveis / IDSC-BR,https://www.cidadessustentaveis.org.br/api/idsc-br/buscarAllPerfilCidadeDetalhes,2026-09-01T10:54:12Z,7d9fcd5df4539d670835fb21641dc2c1b67ae3eb6e7363fa3a124e3a48d117af,OK
3139409,Manhuaçu,MG,3139409,45.5,4444,,CODIGO_IBGE,IDSC-BR,buscarAllPerfilCidadeDetalhes,Instituto Cidades Sustentáveis / IDSC-BR,https://www.cidadessustentaveis.org.br/api/idsc-br/buscarAllPerfilCidadeDetalhes,2026-09-01T10:54:12Z,f8cb8f2a0778991f4a53ab947dcda3978dbe7038fd50dbc1c36686ed7b363f82,OK
3139508,Manhumirim,MG,3139508,46.54,4135,,CODIGO_IBGE,IDSC-BR,buscarAllPerfilCidadeDetalhes,Instituto Cidades Sustentáveis / IDSC-BR,https://www.cidadessustentaveis.org.br/api/idsc-br/buscarAllPerfilCidadeDetalhes,2026-09-01T10:54:12Z,c6cf2fbd1ba0ef8d7a9e20d16715821678d57207b326585d8dfbd12238d33536,OK
3139607,Mantena,MG,3139607,51.39,2239,,CODIGO_IBGE,IDSC-BR,buscarAllPerfilCidadeDetalhes,Instituto Cidades Sustentáveis / IDSC-BR,https://www.cidadessustentaveis.org.br/api/idsc-br/buscarAllPerfilCidadeDetalhes,2026-09-01T10:54:12Z,a23c0c520cfdd1e93d15badc05ae17bee114bf0aec3c1d023c0cc5a082ac91ba,OK
3139706,Maravilhas,MG,3139706,50.85,2463,,CODIGO_IBGE,IDSC-BR,buscarAllPerfilCidadeDetalhes,Instituto Cidades Sustentáveis / IDSC-BR,https://www.cidadessustentaveis.org.br/api/idsc-br/buscarAllPerfilCidadeDetalhes,2026-09-01T10:54:12Z,42015d41c97b3c092d9730fb43865e4cf70f56c32d42106a59587bfe28ca0c79,OK
3139805,Mar de Espanha,MG,3139805,53.5,1446,,CODIGO_IBGE,IDSC-BR,buscarAllPerfilCidadeDetalhes,Instituto Cidades Sustentáveis / IDSC-BR,https://www.cidadessustentaveis.org.br/api/idsc-br/buscarAllPerfilCidadeDetalhes,2026-09-01T10:54:12Z,4c6f3695db496b4a5bf1b0ed19f50dd9dcba2ecfe442c095714714777095d229,OK
3139904,Maria da Fé,MG,3139904,53.73,1377,,CODIGO_IBGE,IDSC-BR,buscarAllPerfilCidadeDetalhes,Instituto Cidades Sustentáveis / IDSC-BR,https://www.cidadessustentaveis.org.br/api/idsc-br/buscarAllPerfilCidadeDetalhes,2026-09-01T10:54:12Z,ec0dc508fb2f85be94d8329ef753f8ad924e0de2bc81295cbd947e3d5ef9d57c,OK
3140001,Mariana,MG,3140001,49.69,2930,,CODIGO_IBGE,IDSC-BR,buscarAllPerfilCidadeDetalhes,Instituto Cidades Sustentáveis / IDSC-BR,https://www.cidadessustentaveis.org.br/api/idsc-br/buscarAllPerfilCidadeDetalhes,2026-09-01T10:54:12Z,ae3c838a56e937b3bd4da507878b9d6bb78a344450bbd6ad7d065a60e3645a23,OK
3140100,Marilac,MG,3140100,50.94,2425,,CODIGO_IBGE,IDSC-BR,buscarAllPerfilCidadeDetalhes,Instituto Cidades Sustentáveis / IDSC-BR,https://www.cidadessustentaveis.org.br/api/idsc-br/buscarAllPerfilCidadeDetalhes,2026-09-01T10:54:12Z,d73ba20adad0e00029b9f842bcd759bc5504520cda389a83ead3715023635c4e,OK
3140159,Mário Campos,MG,3140159,46.94,3979,,CODIGO_IBGE,IDSC-BR,buscarAllPerfilCidadeDetalhes,Instituto Cidades Sustentáveis / IDSC-BR,https://www.cidadessustentaveis.org.br/api/idsc-br/buscarAllPerfilCidadeDetalhes,2026-09-01T10:54:12Z,927934d354b198acbb19cbe7d55fa580806edd5f598d575d19cab31b1d6bba1e,OK
3140209,Maripá de Minas,MG,3140209,55.18,963,,CODIGO_IBGE,IDSC-BR,buscarAllPerfilCidadeDetalhes,Instituto Cidades Sustentáveis / IDSC-BR,https://www.cidadessustentaveis.org.br/api/idsc-br/buscarAllPerfilCidadeDetalhes,2026-09-01T10:54:12Z,800b8d318aebf18979fed59053a8f5639434c126881520f52ebaca595acb0ab5,OK
3140308,Marliéria,MG,3140308,53.83,1347,,CODIGO_IBGE,IDSC-BR,buscarAllPerfilCidadeDetalhes,Instituto Cidades Sustentáveis / IDSC-BR,https://www.cidadessustentaveis.org.br/api/idsc-br/buscarAllPerfilCidadeDetalhes,2026-09-01T10:54:12Z,ca11c7de8ea26e335da586febb74534e2e9431938710ccf4234aab8ada2f1401,OK
3140407,Marmelópolis,MG,3140407,55.77,831,,CODIGO_IBGE,IDSC-BR,buscarAllPerfilCidadeDetalhes,Instituto Cidades Sustentáveis / IDSC-BR,https://www.cidadessustentaveis.org.br/api/idsc-br/buscarAllPerfilCidadeDetalhes,2026-09-01T10:54:12Z,2c783296cc23cf06610639103dae4277f658d8cd53f3151b4067e94ea30b2ae1,OK
3140506,Martinho Campos,MG,3140506,48.51,3397,,CODIGO_IBGE,IDSC-BR,buscarAllPerfilCidadeDetalhes,Instituto Cidades Sustentáveis / IDSC-BR,https://www.cidadessustentaveis.org.br/api/idsc-br/buscarAllPerfilCidadeDetalhes,2026-09-01T10:54:12Z,756443a0b49585fed948d1ea55d616376f3069117f321e9c9a6e0e116ce0c031,OK
3140530,Martins Soares,MG,3140530,53.03,1610,,CODIGO_IBGE,IDSC-BR,buscarAllPerfilCidadeDetalhes,Instituto Cidades Sustentáveis / IDSC-BR,https://www.cidadessustentaveis.org.br/api/idsc-br/buscarAllPerfilCidadeDetalhes,2026-09-01T10:54:12Z,fdba4d989c4c6db1233a8521099e3e9f5adb6d7b6815b11620eca5eefb3d824f,OK
3140555,Mata Verde,MG,3140555,49.16,3129,,CODIGO_IBGE,IDSC-BR,buscarAllPerfilCidadeDetalhes,Instituto Cidades Sustentáveis / IDSC-BR,https://www.cidadessustentaveis.org.br/api/idsc-br/buscarAllPerfilCidadeDetalhes,2026-09-01T10:54:12Z,986640f2e2c995e7ddfa2b72eecdc8a717ab47b6db818263b2c06720b8ac1d69,OK
3140605,Materlândia,MG,3140605,41.48,5228,,CODIGO_IBGE,IDSC-BR,buscarAllPerfilCidadeDetalhes,Instituto Cidades Sustentáveis / IDSC-BR,https://www.cidadessustentaveis.org.br/api/idsc-br/buscarAllPerfilCidadeDetalhes,2026-09-01T10:54:12Z,9cb793e10b8c45a5d650531a06c82f891e6d0b07ff13f9513a1ef9e2873b8ded,OK
3140704,Mateus Leme,MG,3140704,51.87,2045,,CODIGO_IBGE,IDSC-BR,buscarAllPerfilCidadeDetalhes,Instituto Cidades Sustentáveis / IDSC-BR,https://www.cidadessustentaveis.org.br/api/idsc-br/buscarAllPerfilCidadeDetalhes,2026-09-01T10:54:12Z,ab84ce80abe68fbe0e527820f4638555e9b79ea53790062a6e98e76fdd86dd49,OK
3140803,Matias Barbosa,MG,3140803,47.7,3719,,CODIGO_IBGE,IDSC-BR,buscarAllPerfilCidadeDetalhes,Instituto Cidades Sustentáveis / IDSC-BR,https://www.cidadessustentaveis.org.br/api/idsc-br/buscarAllPerfilCidadeDetalhes,2026-09-01T10:54:12Z,cef8ec2632fa85a0219f437b0ced60b138297495fc9d97af3e62934525670c93,OK
3140852,Matias Cardoso,MG,3140852,51.6,2150,,CODIGO_IBGE,IDSC-BR,buscarAllPerfilCidadeDetalhes,Instituto Cidades Sustentáveis / IDSC-BR,https://www.cidadessustentaveis.org.br/api/idsc-br/buscarAllPerfilCidadeDetalhes,2026-09-01T10:54:12Z,f6af085fc014bd8c0af539f613a0aad7ad08cc9976be474756d898ab38e59cd4,OK
3140902,Matipó,MG,3140902,44.91,4605,,CODIGO_IBGE,IDSC-BR,buscarAllPerfilCidadeDetalhes,Instituto Cidades Sustentáveis / IDSC-BR,https://www.cidadessustentaveis.org.br/api/idsc-br/buscarAllPerfilCidadeDetalhes,2026-09-01T10:54:12Z,553ce4bc00048632cfd80f5af4a8a2fdb80da6444fa7a65df52429196d2cfd84,OK
3141009,Mato Verde,MG,3141009,55.04,1001,,CODIGO_IBGE,IDSC-BR,buscarAllPerfilCidadeDetalhes,Instituto Cidades Sustentáveis / IDSC-BR,https://www.cidadessustentaveis.org.br/api/idsc-br/buscarAllPerfilCidadeDetalhes,2026-09-01T10:54:12Z,c6db836510c829ab2a58be9d27a9e124c388b88e3d55e09b4c6be7a79a535b97,OK
3141108,Matozinhos,MG,3141108,51.36,2252,,CODIGO_IBGE,IDSC-BR,buscarAllPerfilCidadeDetalhes,Instituto Cidades Sustentáveis / IDSC-BR,https://www.cidadessustentaveis.org.br/api/idsc-br/buscarAllPerfilCidadeDetalhes,2026-09-01T10:54:12Z,18a249186347d34d6e559220d1cd6ca72f6797b7477d254ebcdfa37432ff5551,OK
3141207,Matutina,MG,3141207,55.6,874,,CODIGO_IBGE,IDSC-BR,buscarAllPerfilCidadeDetalhes,Instituto Cidades Sustentáveis / IDSC-BR,https://www.cidadessustentaveis.org.br/api/idsc-br/buscarAllPerfilCidadeDetalhes,2026-09-01T10:54:12Z,60334492a78ef07d390622b2fe373bae5beae0d9e1a0427c72ec0e97c37eae22,OK
3141306,Medeiros,MG,3141306,60.99,102,,CODIGO_IBGE,IDSC-BR,buscarAllPerfilCidadeDetalhes,Instituto Cidades Sustentáveis / IDSC-BR,https://www.cidadessustentaveis.org.br/api/idsc-br/buscarAllPerfilCidadeDetalhes,2026-09-01T10:54:12Z,d6b75bd0cd1cb3655a91ebfdfbb4e95c8e78884346a6497cfdcc6617736df3a0,OK
3141405,Medina,MG,3141405,48.63,3350,,CODIGO_IBGE,IDSC-BR,buscarAllPerfilCidadeDetalhes,Instituto Cidades Sustentáveis / IDSC-BR,https://www.cidadessustentaveis.org.br/api/idsc-br/buscarAllPerfilCidadeDetalhes,2026-09-01T10:54:12Z,4b75da8509496ec1121497dd9a4f1ccea15dcc72cdf31c834a151e5412e40885,OK
3141504,Mendes Pimentel,MG,3141504,47.07,3943,,CODIGO_IBGE,IDSC-BR,buscarAllPerfilCidadeDetalhes,Instituto Cidades Sustentáveis / IDSC-BR,https://www.cidadessustentaveis.org.br/api/idsc-br/buscarAllPerfilCidadeDetalhes,2026-09-01T10:54:12Z,c8219a795e17802d4dde8f77f7e6c5a606bb2a73f193701d86211249aeeb3bb9,OK
3141603,Mercês,MG,3141603,52.81,1693,,CODIGO_IBGE,IDSC-BR,buscarAllPerfilCidadeDetalhes,Instituto Cidades Sustentáveis / IDSC-BR,https://www.cidadessustentaveis.org.br/api/idsc-br/buscarAllPerfilCidadeDetalhes,2026-09-01T10:54:12Z,af15ecb31857129dad97e8126d52806eebbf307c11cd1ee710e3b7a7cf286a32,OK
3141702,Mesquita,MG,3141702,51.12,2357,,CODIGO_IBGE,IDSC-BR,buscarAllPerfilCidadeDetalhes,Instituto Cidades Sustentáveis / IDSC-BR,https://www.cidadessustentaveis.org.br/api/idsc-br/buscarAllPerfilCidadeDetalhes,2026-09-01T10:54:12Z,3c9d7961dd20620689dd8ae44bde19ce80b7c1d639b8b1871728602d6da8358b,OK
3141801,Minas Novas,MG,3141801,52.36,1866,,CODIGO_IBGE,IDSC-BR,buscarAllPerfilCidadeDetalhes,Instituto Cidades Sustentáveis / IDSC-BR,https://www.cidadessustentaveis.org.br/api/idsc-br/buscarAllPerfilCidadeDetalhes,2026-09-01T10:54:12Z,8ef8c8a02bc6d105d1a7aa6e9ad39f618eda709fb2dfe3389fbc21ffeb4fd870,OK
3141900,Minduri,MG,3141900,53.3,1512,,CODIGO_IBGE,IDSC-BR,buscarAllPerfilCidadeDetalhes,Instituto Cidades Sustentáveis / IDSC-BR,https://www.cidadessustentaveis.org.br/api/idsc-br/buscarAllPerfilCidadeDetalhes,2026-09-01T10:54:12Z,274a6df2d317648c7591ca4f8a12c8270b68639378fa8a12155013b2de90147f,OK
3142007,Mirabela,MG,3142007,48.32,3485,,CODIGO_IBGE,IDSC-BR,buscarAllPerfilCidadeDetalhes,Instituto Cidades Sustentáveis / IDSC-BR,https://www.cidadessustentaveis.org.br/api/idsc-br/buscarAllPerfilCidadeDetalhes,2026-09-01T10:54:12Z,d1c50142f661e1f1342deffff66de4912628d06f707acb4ce565e398d94d7cc0,OK
3142106,Miradouro,MG,3142106,50.75,2502,,CODIGO_IBGE,IDSC-BR,buscarAllPerfilCidadeDetalhes,Instituto Cidades Sustentáveis / IDSC-BR,https://www.cidadessustentaveis.org.br/api/idsc-br/buscarAllPerfilCidadeDetalhes,2026-09-01T10:54:12Z,73b1470259e784e5641a8eea6af246e1037acdee8c2d99fcbd46727bf2b8dca9,OK
3142205,Miraí,MG,3142205,50.29,2685,,CODIGO_IBGE,IDSC-BR,buscarAllPerfilCidadeDetalhes,Instituto Cidades Sustentáveis / IDSC-BR,https://www.cidadessustentaveis.org.br/api/idsc-br/buscarAllPerfilCidadeDetalhes,2026-09-01T10:54:12Z,3eb6cf615cce9ab44821472d4aa68f461ea1b00ba1a5427aa7322cb79650d5cf,OK
3142254,Miravânia,MG,3142254,47.8,3678,,CODIGO_IBGE,IDSC-BR,buscarAllPerfilCidadeDetalhes,Instituto Cidades Sustentáveis / IDSC-BR,https://www.cidadessustentaveis.org.br/api/idsc-br/buscarAllPerfilCidadeDetalhes,2026-09-01T10:54:12Z,93756ae63b24d5112fa91e1cbd3b5c1ffa3ebff396e8860aac50dc92bb0bef22,OK
3142304,Moeda,MG,3142304,52.48,1819,,CODIGO_IBGE,IDSC-BR,buscarAllPerfilCidadeDetalhes,Instituto Cidades Sustentáveis / IDSC-BR,https://www.cidadessustentaveis.org.br/api/idsc-br/buscarAllPerfilCidadeDetalhes,2026-09-01T10:54:12Z,afb88fb00e818763cbcf158e5b0db68861ad14c69551c98c59cf905c28db4a84,OK
3142403,Moema,MG,3142403,61.34,77,,CODIGO_IBGE,IDSC-BR,buscarAllPerfilCidadeDetalhes,Instituto Cidades Sustentáveis / IDSC-BR,https://www.cidadessustentaveis.org.br/api/idsc-br/buscarAllPerfilCidadeDetalhes,2026-09-01T10:54:12Z,d991c7f81c411ce558262b70247d1e200855664b27475384387d1bfa6348db14,OK
3142502,Monjolos,MG,3142502,55.8,824,,CODIGO_IBGE,IDSC-BR,buscarAllPerfilCidadeDetalhes,Instituto Cidades Sustentáveis / IDSC-BR,https://www.cidadessustentaveis.org.br/api/idsc-br/buscarAllPerfilCidadeDetalhes,2026-09-01T10:54:12Z,3eeea13bc4cf91e8dfae03a4b5c504140d48b0017b3036b2ef9ac4c8d2c17149,OK
3142601,Monsenhor Paulo,MG,3142601,55.83,814,,CODIGO_IBGE,IDSC-BR,buscarAllPerfilCidadeDetalhes,Instituto Cidades Sustentáveis / IDSC-BR,https://www.cidadessustentaveis.org.br/api/idsc-br/buscarAllPerfilCidadeDetalhes,2026-09-01T10:54:12Z,ce12f747fa14447e8ed4c5b301bb5e65fc56046522dd8dc17eee9f80b3f8016b,OK
3142700,Montalvânia,MG,3142700,51.23,2315,,CODIGO_IBGE,IDSC-BR,buscarAllPerfilCidadeDetalhes,Instituto Cidades Sustentáveis / IDSC-BR,https://www.cidadessustentaveis.org.br/api/idsc-br/buscarAllPerfilCidadeDetalhes,2026-09-01T10:54:12Z,81d13e25bff3eabd359b5c6c0041b17029e1dc15f02f9275e6bcf0d855dbe867,OK
3142809,Monte Alegre de Minas,MG,3142809,49.16,3130,,CODIGO_IBGE,IDSC-BR,buscarAllPerfilCidadeDetalhes,Instituto Cidades Sustentáveis / IDSC-BR,https://www.cidadessustentaveis.org.br/api/idsc-br/buscarAllPerfilCidadeDetalhes,2026-09-01T10:54:12Z,9806abb10c4ad6105e170f4b5728d046bb9ff96f3804136df888faa071d01df1,OK
3142908,Monte Azul,MG,3142908,54.85,1061,,CODIGO_IBGE,IDSC-BR,buscarAllPerfilCidadeDetalhes,Instituto Cidades Sustentáveis / IDSC-BR,https://www.cidadessustentaveis.org.br/api/idsc-br/buscarAllPerfilCidadeDetalhes,2026-09-01T10:54:12Z,d6cf62b831277a9f5df055b111908b2b06de7804e2c6248323540625ff381a4c,OK
3143005,Monte Belo,MG,3143005,54.01,1291,,CODIGO_IBGE,IDSC-BR,buscarAllPerfilCidadeDetalhes,Instituto Cidades Sustentáveis / IDSC-BR,https://www.cidadessustentaveis.org.br/api/idsc-br/buscarAllPerfilCidadeDetalhes,2026-09-01T10:54:12Z,02e50bfddc73f3c8795481ceeb7f1c16d2a131c79da592c6c17bcd8de7702f62,OK
3143104,Monte Carmelo,MG,3143104,51.0,2403,,CODIGO_IBGE,IDSC-BR,buscarAllPerfilCidadeDetalhes,Instituto Cidades Sustentáveis / IDSC-BR,https://www.cidadessustentaveis.org.br/api/idsc-br/buscarAllPerfilCidadeDetalhes,2026-09-01T10:54:12Z,f6306c49ebff6f2073ef726e89a606ade08565ff5f872a79da3ab7b603718595,OK
3143153,Monte Formoso,MG,3143153,46.31,4209,,CODIGO_IBGE,IDSC-BR,buscarAllPerfilCidadeDetalhes,Instituto Cidades Sustentáveis / IDSC-BR,https://www.cidadessustentaveis.org.br/api/idsc-br/buscarAllPerfilCidadeDetalhes,2026-09-01T10:54:12Z,b3ad863b0c945d72ba3ecab768c880c717cf72d880270069c18ca82fc770a40d,OK
3143203,Monte Santo de Minas,MG,3143203,53.04,1600,,CODIGO_IBGE,IDSC-BR,buscarAllPerfilCidadeDetalhes,Instituto Cidades Sustentáveis / IDSC-BR,https://www.cidadessustentaveis.org.br/api/idsc-br/buscarAllPerfilCidadeDetalhes,2026-09-01T10:54:12Z,28fde918627adbe44a7e820581165688de327d20e8738ce697141c4f95d4e804,OK
3143302,Montes Claros,MG,3143302,54.12,1254,,CODIGO_IBGE,IDSC-BR,buscarAllPerfilCidadeDetalhes,Instituto Cidades Sustentáveis / IDSC-BR,https://www.cidadessustentaveis.org.br/api/idsc-br/buscarAllPerfilCidadeDetalhes,2026-09-01T10:54:12Z,403034c7acfd688f37873dc74e011252552852a28e8bbb95d083d7437c529ae8,OK
3143401,Monte Sião,MG,3143401,61.04,98,,CODIGO_IBGE,IDSC-BR,buscarAllPerfilCidadeDetalhes,Instituto Cidades Sustentáveis / IDSC-BR,https://www.cidadessustentaveis.org.br/api/idsc-br/buscarAllPerfilCidadeDetalhes,2026-09-01T10:54:12Z,24f54913e50ad76fa611ddb7dcc065a0cd41c626544672ac929703cbd96ae997,OK
3143450,Montezuma,MG,3143450,56.62,643,,CODIGO_IBGE,IDSC-BR,buscarAllPerfilCidadeDetalhes,Instituto Cidades Sustentáveis / IDSC-BR,https://www.cidadessustentaveis.org.br/api/idsc-br/buscarAllPerfilCidadeDetalhes,2026-09-01T10:54:12Z,b60631ca48eab3c79b806ea07f8de98bd8195dc5e8a1b481b951e06b39119e70,OK
3143500,Morada Nova de Minas,MG,3143500,51.44,2222,,CODIGO_IBGE,IDSC-BR,buscarAllPerfilCidadeDetalhes,Instituto Cidades Sustentáveis / IDSC-BR,https://www.cidadessustentaveis.org.br/api/idsc-br/buscarAllPerfilCidadeDetalhes,2026-09-01T10:54:12Z,15682e27eb9445e69e71c155a6fa04941256bb4e9a61c5e38d411cb3851edbb8,OK
3143609,Morro da Garça,MG,3143609,61.73,60,,CODIGO_IBGE,IDSC-BR,buscarAllPerfilCidadeDetalhes,Instituto Cidades Sustentáveis / IDSC-BR,https://www.cidadessustentaveis.org.br/api/idsc-br/buscarAllPerfilCidadeDetalhes,2026-09-01T10:54:12Z,277c0b3449e651fa1dce2757e4cbc5ed177578777188886202d8bf55f4c5ce20,OK
3143708,Morro do Pilar,MG,3143708,54.34,1190,,CODIGO_IBGE,IDSC-BR,buscarAllPerfilCidadeDetalhes,Instituto Cidades Sustentáveis / IDSC-BR,https://www.cidadessustentaveis.org.br/api/idsc-br/buscarAllPerfilCidadeDetalhes,2026-09-01T10:54:12Z,642d84450feed4a97f1560c5f1489c87bf9af65d583d398e8446b240d8f0b34e,OK
3143807,Munhoz,MG,3143807,51.92,2016,,CODIGO_IBGE,IDSC-BR,buscarAllPerfilCidadeDetalhes,Instituto Cidades Sustentáveis / IDSC-BR,https://www.cidadessustentaveis.org.br/api/idsc-br/buscarAllPerfilCidadeDetalhes,2026-09-01T10:54:12Z,4cc0b24606ec08903510d086939f86caafc4e906696081672cceca37af433b55,OK
3143906,Muriaé,MG,3143906,52.04,1969,,CODIGO_IBGE,IDSC-BR,buscarAllPerfilCidadeDetalhes,Instituto Cidades Sustentáveis / IDSC-BR,https://www.cidadessustentaveis.org.br/api/idsc-br/buscarAllPerfilCidadeDetalhes,2026-09-01T10:54:12Z,b2afdea585048ca83860598a62e0e35188831bf5cbca090a1acab5f202e02c52,OK
3144003,Mutum,MG,3144003,47.81,3671,,CODIGO_IBGE,IDSC-BR,buscarAllPerfilCidadeDetalhes,Instituto Cidades Sustentáveis / IDSC-BR,https://www.cidadessustentaveis.org.br/api/idsc-br/buscarAllPerfilCidadeDetalhes,2026-09-01T10:54:12Z,9f73561fc6bc1015fac9ca31b38263c5bc8d127973e7e2f5fe68a2cd0511e3f5,OK
3144102,Muzambinho,MG,3144102,49.53,2994,,CODIGO_IBGE,IDSC-BR,buscarAllPerfilCidadeDetalhes,Instituto Cidades Sustentáveis / IDSC-BR,https://www.cidadessustentaveis.org.br/api/idsc-br/buscarAllPerfilCidadeDetalhes,2026-09-01T10:54:12Z,0b97935b0c5346a9203479eb30155a895f3603185cb4b2408de7bb5d168e8da5,OK
3144201,Nacip Raydan,MG,3144201,51.45,2217,,CODIGO_IBGE,IDSC-BR,buscarAllPerfilCidadeDetalhes,Instituto Cidades Sustentáveis / IDSC-BR,https://www.cidadessustentaveis.org.br/api/idsc-br/buscarAllPerfilCidadeDetalhes,2026-09-01T10:54:12Z,079f0a36c06a6c0e59cce2ae4e55d58e48dad856964b46ea274ff31cf9f86597,OK
3144300,Nanuque,MG,3144300,41.66,5206,,CODIGO_IBGE,IDSC-BR,buscarAllPerfilCidadeDetalhes,Instituto Cidades Sustentáveis / IDSC-BR,https://www.cidadessustentaveis.org.br/api/idsc-br/buscarAllPerfilCidadeDetalhes,2026-09-01T10:54:12Z,eeb9f1f9aa663dce44114207987d9f440c72402767a7480df286f76de283c644,OK
3144359,Naque,MG,3144359,50.46,2623,,CODIGO_IBGE,IDSC-BR,buscarAllPerfilCidadeDetalhes,Instituto Cidades Sustentáveis / IDSC-BR,https://www.cidadessustentaveis.org.br/api/idsc-br/buscarAllPerfilCidadeDetalhes,2026-09-01T10:54:12Z,711e27fb7b485e1597745d7b83cec14c3344af29c96dba0fbc1b39176bc030df,OK
3144375,Natalândia,MG,3144375,56.57,653,,CODIGO_IBGE,IDSC-BR,buscarAllPerfilCidadeDetalhes,Instituto Cidades Sustentáveis / IDSC-BR,https://www.cidadessustentaveis.org.br/api/idsc-br/buscarAllPerfilCidadeDetalhes,2026-09-01T10:54:12Z,b62a5883f9f09262859afccacbecf9a5a20189622d6eb4320c5a0aa4ea7601c9,OK
3144409,Natércia,MG,3144409,56.04,779,,CODIGO_IBGE,IDSC-BR,buscarAllPerfilCidadeDetalhes,Instituto Cidades Sustentáveis / IDSC-BR,https://www.cidadessustentaveis.org.br/api/idsc-br/buscarAllPerfilCidadeDetalhes,2026-09-01T10:54:12Z,191bc8f0f473aca91bfd68371f3e3bb8971789af1dce65d839db9019479a0af9,OK
3144508,Nazareno,MG,3144508,55.06,997,,CODIGO_IBGE,IDSC-BR,buscarAllPerfilCidadeDetalhes,Instituto Cidades Sustentáveis / IDSC-BR,https://www.cidadessustentaveis.org.br/api/idsc-br/buscarAllPerfilCidadeDetalhes,2026-09-01T10:54:12Z,d3fb87ebd8c244f1d35803b2ff4674fe16338c9089bc93fa7993eefc135ba7fe,OK
3144607,Nepomuceno,MG,3144607,50.48,2613,,CODIGO_IBGE,IDSC-BR,buscarAllPerfilCidadeDetalhes,Instituto Cidades Sustentáveis / IDSC-BR,https://www.cidadessustentaveis.org.br/api/idsc-br/buscarAllPerfilCidadeDetalhes,2026-09-01T10:54:12Z,dcc9e5bc6d0c8d508cb0be038e6b185a8bea0787c170b002f8b25efcd04dd6d0,OK
3144656,Ninheira,MG,3144656,49.15,3134,,CODIGO_IBGE,IDSC-BR,buscarAllPerfilCidadeDetalhes,Instituto Cidades Sustentáveis / IDSC-BR,https://www.cidadessustentaveis.org.br/api/idsc-br/buscarAllPerfilCidadeDetalhes,2026-09-01T10:54:12Z,133fea230290acc6b3ea5e947f36b649c93ba02d19b2321ebd55ac263ee3814d,OK
3144672,Nova Belém,MG,3144672,54.6,1114,,CODIGO_IBGE,IDSC-BR,buscarAllPerfilCidadeDetalhes,Instituto Cidades Sustentáveis / IDSC-BR,https://www.cidadessustentaveis.org.br/api/idsc-br/buscarAllPerfilCidadeDetalhes,2026-09-01T10:54:12Z,c3fe934a461921df64e098eaf6458a00fd0e96779b9291252594c387d398aedc,OK
3144706,Nova Era,MG,3144706,45.48,4447,,CODIGO_IBGE,IDSC-BR,buscarAllPerfilCidadeDetalhes,Instituto Cidades Sustentáveis / IDSC-BR,https://www.cidadessustentaveis.org.br/api/idsc-br/buscarAllPerfilCidadeDetalhes,2026-09-01T10:54:12Z,21764bc85d2c8773c0f6170b0a402e30790ba45c0b784f97e59feb3b9d8a564b,OK
3144805,Nova Lima,MG,3144805,55.03,1003,,CODIGO_IBGE,IDSC-BR,buscarAllPerfilCidadeDetalhes,Instituto Cidades Sustentáveis / IDSC-BR,https://www.cidadessustentaveis.org.br/api/idsc-br/buscarAllPerfilCidadeDetalhes,2026-09-01T10:54:12Z,45b302872945d8c99978ebcd195fb47839cb85995a61a67cac4ce0c1239b9a1e,OK
3144904,Nova Módica,MG,3144904,54.53,1137,,CODIGO_IBGE,IDSC-BR,buscarAllPerfilCidadeDetalhes,Instituto Cidades Sustentáveis / IDSC-BR,https://www.cidadessustentaveis.org.br/api/idsc-br/buscarAllPerfilCidadeDetalhes,2026-09-01T10:54:12Z,1c9ac0938b3797d78e1b07b2101a3b560138894ff9c22846e4815619776f8992,OK
3145000,Nova Ponte,MG,3145000,54.98,1018,,CODIGO_IBGE,IDSC-BR,buscarAllPerfilCidadeDetalhes,Instituto Cidades Sustentáveis / IDSC-BR,https://www.cidadessustentaveis.org.br/api/idsc-br/buscarAllPerfilCidadeDetalhes,2026-09-01T10:54:12Z,7e479d54ad58e42cfcecfc3452c920f19f7c693314f6790c8aaaad46b85a9d0a,OK
3145059,Nova Porteirinha,MG,3145059,52.48,1817,,CODIGO_IBGE,IDSC-BR,buscarAllPerfilCidadeDetalhes,Instituto Cidades Sustentáveis / IDSC-BR,https://www.cidadessustentaveis.org.br/api/idsc-br/buscarAllPerfilCidadeDetalhes,2026-09-01T10:54:12Z,7b1ed4a13d594df2179272b8b7dd0039b1d48f4c98cccd13a57dcc3d8eeac28d,OK
3145109,Nova Resende,MG,3145109,52.57,1785,,CODIGO_IBGE,IDSC-BR,buscarAllPerfilCidadeDetalhes,Instituto Cidades Sustentáveis / IDSC-BR,https://www.cidadessustentaveis.org.br/api/idsc-br/buscarAllPerfilCidadeDetalhes,2026-09-01T10:54:12Z,d40cc2913945e791c419815d0b4f0278d16460f491ec5b7d3fa12945e671b018,OK
3145208,Nova Serrana,MG,3145208,58.49,339,,CODIGO_IBGE,IDSC-BR,buscarAllPerfilCidadeDetalhes,Instituto Cidades Sustentáveis / IDSC-BR,https://www.cidadessustentaveis.org.br/api/idsc-br/buscarAllPerfilCidadeDetalhes,2026-09-01T10:54:12Z,db14de7679b293f341f4b9d5092886a9daf3af49b03f5adaebd6284fde208074,OK
3145307,Novo Cruzeiro,MG,3145307,44.36,4751,,CODIGO_IBGE,IDSC-BR,buscarAllPerfilCidadeDetalhes,Instituto Cidades Sustentáveis / IDSC-BR,https://www.cidadessustentaveis.org.br/api/idsc-br/buscarAllPerfilCidadeDetalhes,2026-09-01T10:54:12Z,839437300008cc90d0b1822943258faa54f582588c9213f85f68a888ff45cd32,OK
3145356,Novo Oriente de Minas,MG,3145356,42.76,5051,,CODIGO_IBGE,IDSC-BR,buscarAllPerfilCidadeDetalhes,Instituto Cidades Sustentáveis / IDSC-BR,https://www.cidadessustentaveis.org.br/api/idsc-br/buscarAllPerfilCidadeDetalhes,2026-09-01T10:54:12Z,6bbe4cb9ae994bc602d7e430c86fb83b6a1885dbe1284a0d5ebf6b71afb65730,OK
3145372,Novorizonte,MG,3145372,54.77,1078,,CODIGO_IBGE,IDSC-BR,buscarAllPerfilCidadeDetalhes,Instituto Cidades Sustentáveis / IDSC-BR,https://www.cidadessustentaveis.org.br/api/idsc-br/buscarAllPerfilCidadeDetalhes,2026-09-01T10:54:12Z,41bf4955db067d3c82622bc012350080cdfd815f955fdcab02b80b2e922823d5,OK
3145406,Olaria,MG,3145406,53.57,1422,,CODIGO_IBGE,IDSC-BR,buscarAllPerfilCidadeDetalhes,Instituto Cidades Sustentáveis / IDSC-BR,https://www.cidadessustentaveis.org.br/api/idsc-br/buscarAllPerfilCidadeDetalhes,2026-09-01T10:54:12Z,061a4d86b3bdaa59f3457c96ddb422245931cc232fbe38681726f0195dfc13dc,OK
3145455,Olhos-d'Água,MG,3145455,53.54,1432,,CODIGO_IBGE,IDSC-BR,buscarAllPerfilCidadeDetalhes,Instituto Cidades Sustentáveis / IDSC-BR,https://www.cidadessustentaveis.org.br/api/idsc-br/buscarAllPerfilCidadeDetalhes,2026-09-01T10:54:12Z,a5298c9643b40cd060da47d915d9bb12157a2dadf2a65c26731b0efb723f6f53,OK
3145505,Olímpio Noronha,MG,3145505,52.31,1880,,CODIGO_IBGE,IDSC-BR,buscarAllPerfilCidadeDetalhes,Instituto Cidades Sustentáveis / IDSC-BR,https://www.cidadessustentaveis.org.br/api/idsc-br/buscarAllPerfilCidadeDetalhes,2026-09-01T10:54:12Z,900b849996f22b9ad09be21f085799ef6fbe2f4c7a72dd6a5672e2875d38cc5e,OK
3145604,Oliveira,MG,3145604,55.07,993,,CODIGO_IBGE,IDSC-BR,buscarAllPerfilCidadeDetalhes,Instituto Cidades Sustentáveis / IDSC-BR,https://www.cidadessustentaveis.org.br/api/idsc-br/buscarAllPerfilCidadeDetalhes,2026-09-01T10:54:12Z,b52b550d21dda3df1faadbd5a1032b83362d66219fd99e56fba50344b3df8bc8,OK
3145703,Oliveira Fortes,MG,3145703,52.86,1674,,CODIGO_IBGE,IDSC-BR,buscarAllPerfilCidadeDetalhes,Instituto Cidades Sustentáveis / IDSC-BR,https://www.cidadessustentaveis.org.br/api/idsc-br/buscarAllPerfilCidadeDetalhes,2026-09-01T10:54:12Z,8435ce3334972c370d8785477534d7b0163cac504d32c204fbf02ac949660455,OK
3145802,Onça de Pitangui,MG,3145802,52.45,1832,,CODIGO_IBGE,IDSC-BR,buscarAllPerfilCidadeDetalhes,Instituto Cidades Sustentáveis / IDSC-BR,https://www.cidadessustentaveis.org.br/api/idsc-br/buscarAllPerfilCidadeDetalhes,2026-09-01T10:54:12Z,fa9021d6f1ef88cc033a905d71625aa90e22edf1b3b6dde3527b764c4002e185,OK
3145851,Oratórios,MG,3145851,49.06,3166,,CODIGO_IBGE,IDSC-BR,buscarAllPerfilCidadeDetalhes,Instituto Cidades Sustentáveis / IDSC-BR,https://www.cidadessustentaveis.org.br/api/idsc-br/buscarAllPerfilCidadeDetalhes,2026-09-01T10:54:12Z,2c0b194e2b94c6627e50c036f1e16c1bcd99f5fbdb6d16ff241630d63f91cfd0,OK
3145877,Orizânia,MG,3145877,52.66,1748,,CODIGO_IBGE,IDSC-BR,buscarAllPerfilCidadeDetalhes,Instituto Cidades Sustentáveis / IDSC-BR,https://www.cidadessustentaveis.org.br/api/idsc-br/buscarAllPerfilCidadeDetalhes,2026-09-01T10:54:12Z,c41f24ecdbaacf55611627c22d55c7ace714e2ae1c138f2fbeee28b4a52d8b96,OK
3145901,Ouro Branco,MG,3145901,58.68,313,,CODIGO_IBGE,IDSC-BR,buscarAllPerfilCidadeDetalhes,Instituto Cidades Sustentáveis / IDSC-BR,https://www.cidadessustentaveis.org.br/api/idsc-br/buscarAllPerfilCidadeDetalhes,2026-09-01T10:54:12Z,cccb7c36e1f9c707c70576221d83bd71bc799b50ad2d30b14e726f8cb32a0275,OK
3146008,Ouro Fino,MG,3146008,53.33,1503,,CODIGO_IBGE,IDSC-BR,buscarAllPerfilCidadeDetalhes,Instituto Cidades Sustentáveis / IDSC-BR,https://www.cidadessustentaveis.org.br/api/idsc-br/buscarAllPerfilCidadeDetalhes,2026-09-01T10:54:12Z,4fdb017a225d1e74368156658aa8051be8d5044af65784767ab74679f2984728,OK
3146107,Ouro Preto,MG,3146107,50.79,2487,,CODIGO_IBGE,IDSC-BR,buscarAllPerfilCidadeDetalhes,Instituto Cidades Sustentáveis / IDSC-BR,https://www.cidadessustentaveis.org.br/api/idsc-br/buscarAllPerfilCidadeDetalhes,2026-09-01T10:54:12Z,0fdc8f78df351e466f9b634bf4a51e34dd4df1a572a12d478a6c10c1642d82d3,OK
3146206,Ouro Verde de Minas,MG,3146206,48.42,3438,,CODIGO_IBGE,IDSC-BR,buscarAllPerfilCidadeDetalhes,Instituto Cidades Sustentáveis / IDSC-BR,https://www.cidadessustentaveis.org.br/api/idsc-br/buscarAllPerfilCidadeDetalhes,2026-09-01T10:54:12Z,22bdd0495bdb70fd3ec41ece5314546a2e60de0ccd3a0160a27ccb59288be8c4,OK
3146255,Padre Carvalho,MG,3146255,53.73,1378,,CODIGO_IBGE,IDSC-BR,buscarAllPerfilCidadeDetalhes,Instituto Cidades Sustentáveis / IDSC-BR,https://www.cidadessustentaveis.org.br/api/idsc-br/buscarAllPerfilCidadeDetalhes,2026-09-01T10:54:12Z,5e64dfb15ec10acac54b873d2f96daf79541d6550c5f6c299cd7e21308b53c4a,OK
3146305,Padre Paraíso,MG,3146305,49.61,2960,,CODIGO_IBGE,IDSC-BR,buscarAllPerfilCidadeDetalhes,Instituto Cidades Sustentáveis / IDSC-BR,https://www.cidadessustentaveis.org.br/api/idsc-br/buscarAllPerfilCidadeDetalhes,2026-09-01T10:54:12Z,66105686a1f01517d3750792bf719a2e5b7998a7d7d3737ece42252bc651eb81,OK
3146404,Paineiras,MG,3146404,54.69,1087,,CODIGO_IBGE,IDSC-BR,buscarAllPerfilCidadeDetalhes,Instituto Cidades Sustentáveis / IDSC-BR,https://www.cidadessustentaveis.org.br/api/idsc-br/buscarAllPerfilCidadeDetalhes,2026-09-01T10:54:12Z,1943af7b2041cc94526fc357de8f920c59bfe154dbcd5df6ec6fd5ba5e85b41b,OK
3146503,Pains,MG,3146503,55.27,944,,CODIGO_IBGE,IDSC-BR,buscarAllPerfilCidadeDetalhes,Instituto Cidades Sustentáveis / IDSC-BR,https://www.cidadessustentaveis.org.br/api/idsc-br/buscarAllPerfilCidadeDetalhes,2026-09-01T10:54:12Z,4fc47dfc0774287e16c9289580e5b950ac093add7d9567d26d14b51e7aaf3169,OK
3146552,Pai Pedro,MG,3146552,48.46,3421,,CODIGO_IBGE,IDSC-BR,buscarAllPerfilCidadeDetalhes,Instituto Cidades Sustentáveis / IDSC-BR,https://www.cidadessustentaveis.org.br/api/idsc-br/buscarAllPerfilCidadeDetalhes,2026-09-01T10:54:12Z,5c1e3d9935545d0e21243235ec2d4e4de77cfec5365523e87eca36eb3ea4c0da,OK
3146602,Paiva,MG,3146602,59.8,185,,CODIGO_IBGE,IDSC-BR,buscarAllPerfilCidadeDetalhes,Instituto Cidades Sustentáveis / IDSC-BR,https://www.cidadessustentaveis.org.br/api/idsc-br/buscarAllPerfilCidadeDetalhes,2026-09-01T10:54:12Z,734f53fbd9e64724c6caa2c0f44ab3be56d49f87d2714a1a98072154e6164cf7,OK
3146701,Palma,MG,3146701,48.52,3392,,CODIGO_IBGE,IDSC-BR,buscarAllPerfilCidadeDetalhes,Instituto Cidades Sustentáveis / IDSC-BR,https://www.cidadessustentaveis.org.br/api/idsc-br/buscarAllPerfilCidadeDetalhes,2026-09-01T10:54:12Z,812f2ea5515f13b6d52db8a00117043b7bb94e16ffa94175787401122e2d7dbd,OK
3146750,Palmópolis,MG,3146750,47.76,3700,,CODIGO_IBGE,IDSC-BR,buscarAllPerfilCidadeDetalhes,Instituto Cidades Sustentáveis / IDSC-BR,https://www.cidadessustentaveis.org.br/api/idsc-br/buscarAllPerfilCidadeDetalhes,2026-09-01T10:54:12Z,9c43099747099f60471ee6287ad7a09490517c7c75ae17edb2ee39cb13fc7d00,OK
3146909,Papagaios,MG,3146909,52.32,1878,,CODIGO_IBGE,IDSC-BR,buscarAllPerfilCidadeDetalhes,Instituto Cidades Sustentáveis / IDSC-BR,https://www.cidadessustentaveis.org.br/api/idsc-br/buscarAllPerfilCidadeDetalhes,2026-09-01T10:54:12Z,ddca3ff0d7dc9e3b063a5e58f7a3b1635e7f719e5cd4665f15bba0422a122df6,OK
3147006,Paracatu,MG,3147006,53.59,1416,,CODIGO_IBGE,IDSC-BR,buscarAllPerfilCidadeDetalhes,Instituto Cidades Sustentáveis / IDSC-BR,https://www.cidadessustentaveis.org.br/api/idsc-br/buscarAllPerfilCidadeDetalhes,2026-09-01T10:54:12Z,98635c2d16dbc5d9b9e9a1a9ccd9b8fb1aa9b3ed13f400a66b6e73c745f35355,OK
3147105,Pará de Minas,MG,3147105,57.12,552,,CODIGO_IBGE,IDSC-BR,buscarAllPerfilCidadeDetalhes,Instituto Cidades Sustentáveis / IDSC-BR,https://www.cidadessustentaveis.org.br/api/idsc-br/buscarAllPerfilCidadeDetalhes,2026-09-01T10:54:12Z,891aa104a3fa158cf1c7959c7d4e25292bbd2e04bb6ad40d2616b42dfe2c824f,OK
3147204,Paraguaçu,MG,3147204,61.23,87,,CODIGO_IBGE,IDSC-BR,buscarAllPerfilCidadeDetalhes,Instituto Cidades Sustentáveis / IDSC-BR,https://www.cidadessustentaveis.org.br/api/idsc-br/buscarAllPerfilCidadeDetalhes,2026-09-01T10:54:12Z,b5658f8126b371fc4779ee6670c77c347aa63abc93d26c00c929bf5f80ef9c65,OK
3147303,Paraisópolis,MG,3147303,56.44,682,,CODIGO_IBGE,IDSC-BR,buscarAllPerfilCidadeDetalhes,Instituto Cidades Sustentáveis / IDSC-BR,https://www.cidadessustentaveis.org.br/api/idsc-br/buscarAllPerfilCidadeDetalhes,2026-09-01T10:54:12Z,236f6f08d982346e5084d91846559ea59c0ab50ab7ab6e280cf093ebb42937cd,OK
3147402,Paraopeba,MG,3147402,51.61,2144,,CODIGO_IBGE,IDSC-BR,buscarAllPerfilCidadeDetalhes,Instituto Cidades Sustentáveis / IDSC-BR,https://www.cidadessustentaveis.org.br/api/idsc-br/buscarAllPerfilCidadeDetalhes,2026-09-01T10:54:12Z,30371cebd37b3ba6d5233c485e8d0e9bd90e3b81914ad9c77a602cc3be051e35,OK
3147501,Passabém,MG,3147501,56.55,657,,CODIGO_IBGE,IDSC-BR,buscarAllPerfilCidadeDetalhes,Instituto Cidades Sustentáveis / IDSC-BR,https://www.cidadessustentaveis.org.br/api/idsc-br/buscarAllPerfilCidadeDetalhes,2026-09-01T10:54:12Z,c6bce039fb6cb988fb7768d36e6fcef84aa6164b1b41c610b8e1df0625169256,OK
3147600,Passa Quatro,MG,3147600,56.92,580,,CODIGO_IBGE,IDSC-BR,buscarAllPerfilCidadeDetalhes,Instituto Cidades Sustentáveis / IDSC-BR,https://www.cidadessustentaveis.org.br/api/idsc-br/buscarAllPerfilCidadeDetalhes,2026-09-01T10:54:12Z,c7e16cacfa04f3f906bf300e9c5d3f32c859376e822e09e15ea5f301fac21638,OK
3147709,Passa Tempo,MG,3147709,50.19,2726,,CODIGO_IBGE,IDSC-BR,buscarAllPerfilCidadeDetalhes,Instituto Cidades Sustentáveis / IDSC-BR,https://www.cidadessustentaveis.org.br/api/idsc-br/buscarAllPerfilCidadeDetalhes,2026-09-01T10:54:12Z,2c164d183cc1839668e6d47ec1445da3b9ed90c8ed2504f4b1ce67756d4ab76c,OK
3147808,Passa Vinte,MG,3147808,54.47,1158,,CODIGO_IBGE,IDSC-BR,buscarAllPerfilCidadeDetalhes,Instituto Cidades Sustentáveis / IDSC-BR,https://www.cidadessustentaveis.org.br/api/idsc-br/buscarAllPerfilCidadeDetalhes,2026-09-01T10:54:12Z,6f4723a6fbb9d55b7b26009f4bb79828929b8e114a0b0ed08ca5a0246495ae49,OK
3147907,Passos,MG,3147907,53.96,1301,,CODIGO_IBGE,IDSC-BR,buscarAllPerfilCidadeDetalhes,Instituto Cidades Sustentáveis / IDSC-BR,https://www.cidadessustentaveis.org.br/api/idsc-br/buscarAllPerfilCidadeDetalhes,2026-09-01T10:54:12Z,a9d47bc89785d14a56fc31205b5a0d2f30d0fe3e3d80399dfa5183086b40b869,OK
3147956,Patis,MG,3147956,48.5,3404,,CODIGO_IBGE,IDSC-BR,buscarAllPerfilCidadeDetalhes,Instituto Cidades Sustentáveis / IDSC-BR,https://www.cidadessustentaveis.org.br/api/idsc-br/buscarAllPerfilCidadeDetalhes,2026-09-01T10:54:12Z,09b607a546607e191048846d1cdfa68c0e31d366d9416557bc24cdb90c1fb314,OK
3148004,Patos de Minas,MG,3148004,49.56,2982,,CODIGO_IBGE,IDSC-BR,buscarAllPerfilCidadeDetalhes,Instituto Cidades Sustentáveis / IDSC-BR,https://www.cidadessustentaveis.org.br/api/idsc-br/buscarAllPerfilCidadeDetalhes,2026-09-01T10:54:12Z,7faae6681cb851fe2f750c357b8d847dce2b4a600d5afe2af573a85d5348e509,OK
3148103,Patrocínio,MG,3148103,53.91,1323,,CODIGO_IBGE,IDSC-BR,buscarAllPerfilCidadeDetalhes,Instituto Cidades Sustentáveis / IDSC-BR,https://www.cidadessustentaveis.org.br/api/idsc-br/buscarAllPerfilCidadeDetalhes,2026-09-01T10:54:12Z,2e7aad2962a0f7ca09c8d8a63f636040f9c47ae4bcac6a445eb44df33819d12d,OK
3148202,Patrocínio do Muriaé,MG,3148202,54.67,1096,,CODIGO_IBGE,IDSC-BR,buscarAllPerfilCidadeDetalhes,Instituto Cidades Sustentáveis / IDSC-BR,https://www.cidadessustentaveis.org.br/api/idsc-br/buscarAllPerfilCidadeDetalhes,2026-09-01T10:54:12Z,246b22161b305e8ccc34c6b6c5635a2ad06eea5b4f1491826f7173686eb4840a,OK
3148301,Paula Cândido,MG,3148301,55.41,919,,CODIGO_IBGE,IDSC-BR,buscarAllPerfilCidadeDetalhes,Instituto Cidades Sustentáveis / IDSC-BR,https://www.cidadessustentaveis.org.br/api/idsc-br/buscarAllPerfilCidadeDetalhes,2026-09-01T10:54:12Z,569c6caa81efab9e0b2060bda8dd6f6f5324ca5a4ff49c89f54a1da50b115135,OK
3148400,Paulistas,MG,3148400,50.76,2501,,CODIGO_IBGE,IDSC-BR,buscarAllPerfilCidadeDetalhes,Instituto Cidades Sustentáveis / IDSC-BR,https://www.cidadessustentaveis.org.br/api/idsc-br/buscarAllPerfilCidadeDetalhes,2026-09-01T10:54:12Z,85fcd5bacfe854cd2863f91754567428ae66eab2e774a142c555ce5576614764,OK
3148509,Pavão,MG,3148509,48.07,3578,,CODIGO_IBGE,IDSC-BR,buscarAllPerfilCidadeDetalhes,Instituto Cidades Sustentáveis / IDSC-BR,https://www.cidadessustentaveis.org.br/api/idsc-br/buscarAllPerfilCidadeDetalhes,2026-09-01T10:54:12Z,9005264340c6c59f8eacb77ec3ba28633388dca8dca8afd51b8961bb2a26ff79,OK
3148608,Peçanha,MG,3148608,45.23,4509,,CODIGO_IBGE,IDSC-BR,buscarAllPerfilCidadeDetalhes,Instituto Cidades Sustentáveis / IDSC-BR,https://www.cidadessustentaveis.org.br/api/idsc-br/buscarAllPerfilCidadeDetalhes,2026-09-01T10:54:12Z,3f4efc79a43ed26777074c8f73d04bd10de5186a6998978a9dc23c6f65cfc86e,OK
3148707,Pedra Azul,MG,3148707,48.32,3484,,CODIGO_IBGE,IDSC-BR,buscarAllPerfilCidadeDetalhes,Instituto Cidades Sustentáveis / IDSC-BR,https://www.cidadessustentaveis.org.br/api/idsc-br/buscarAllPerfilCidadeDetalhes,2026-09-01T10:54:12Z,2afcc75b0df284b1a3a265c79d4fbebfe29f125aef75e91c3b341cf5f511769e,OK
3148756,Pedra Bonita,MG,3148756,54.13,1250,,CODIGO_IBGE,IDSC-BR,buscarAllPerfilCidadeDetalhes,Instituto Cidades Sustentáveis / IDSC-BR,https://www.cidadessustentaveis.org.br/api/idsc-br/buscarAllPerfilCidadeDetalhes,2026-09-01T10:54:12Z,701567d0a9eac2ba94a1c062d166d6ed8ffaa6ad8f7b16d632cd1685b8fe3e92,OK
3148806,Pedra do Anta,MG,3148806,49.62,2957,,CODIGO_IBGE,IDSC-BR,buscarAllPerfilCidadeDetalhes,Instituto Cidades Sustentáveis / IDSC-BR,https://www.cidadessustentaveis.org.br/api/idsc-br/buscarAllPerfilCidadeDetalhes,2026-09-01T10:54:12Z,108af202e7f7f6b21fa6416e5785e206e4cacfc31313661c152953188b787085,OK
3148905,Pedra do Indaiá,MG,3148905,55.64,868,,CODIGO_IBGE,IDSC-BR,buscarAllPerfilCidadeDetalhes,Instituto Cidades Sustentáveis / IDSC-BR,https://www.cidadessustentaveis.org.br/api/idsc-br/buscarAllPerfilCidadeDetalhes,2026-09-01T10:54:12Z,bb338c2afc31605e8469c7e9673e9def00a11cf840568be1e3e171f77e6c7d12,OK
3149002,Pedra Dourada,MG,3149002,60.61,124,,CODIGO_IBGE,IDSC-BR,buscarAllPerfilCidadeDetalhes,Instituto Cidades Sustentáveis / IDSC-BR,https://www.cidadessustentaveis.org.br/api/idsc-br/buscarAllPerfilCidadeDetalhes,2026-09-01T10:54:12Z,f7aeb90403a40449cd2d282b378b30afdfa409c59864d935d36e9bbd0fa5127c,OK
3149101,Pedralva,MG,3149101,58.57,326,,CODIGO_IBGE,IDSC-BR,buscarAllPerfilCidadeDetalhes,Instituto Cidades Sustentáveis / IDSC-BR,https://www.cidadessustentaveis.org.br/api/idsc-br/buscarAllPerfilCidadeDetalhes,2026-09-01T10:54:12Z,16034fcc946d2162940e5741b71bd1ca2e8d159a9a56f707f62555583ba40bd4,OK
3149150,Pedras de Maria da Cruz,MG,3149150,51.74,2087,,CODIGO_IBGE,IDSC-BR,buscarAllPerfilCidadeDetalhes,Instituto Cidades Sustentáveis / IDSC-BR,https://www.cidadessustentaveis.org.br/api/idsc-br/buscarAllPerfilCidadeDetalhes,2026-09-01T10:54:12Z,5407d0f015198a2e2755e28d84c9f3d2cfdc0c851fa362d04a3a4aa16d38f318,OK
3149200,Pedrinópolis,MG,3149200,63.24,19,,CODIGO_IBGE,IDSC-BR,buscarAllPerfilCidadeDetalhes,Instituto Cidades Sustentáveis / IDSC-BR,https://www.cidadessustentaveis.org.br/api/idsc-br/buscarAllPerfilCidadeDetalhes,2026-09-01T10:54:12Z,638821c9255037634ca124c508079f63f0946e9a0fbb2ce7bb51a078e901becd,OK
3149309,Pedro Leopoldo,MG,3149309,46.92,3988,,CODIGO_IBGE,IDSC-BR,buscarAllPerfilCidadeDetalhes,Instituto Cidades Sustentáveis / IDSC-BR,https://www.cidadessustentaveis.org.br/api/idsc-br/buscarAllPerfilCidadeDetalhes,2026-09-01T10:54:12Z,5980ee9b49392f9bfac1840617d46587bdef19f936849a11042f9737dd38c957,OK
3149408,Pedro Teixeira,MG,3149408,56.24,732,,CODIGO_IBGE,IDSC-BR,buscarAllPerfilCidadeDetalhes,Instituto Cidades Sustentáveis / IDSC-BR,https://www.cidadessustentaveis.org.br/api/idsc-br/buscarAllPerfilCidadeDetalhes,2026-09-01T10:54:12Z,87a57aadd8d3aac4d38522a61ade48df9d3288b7d326009d6d7d7d7b430d5053,OK
3149507,Pequeri,MG,3149507,52.38,1853,,CODIGO_IBGE,IDSC-BR,buscarAllPerfilCidadeDetalhes,Instituto Cidades Sustentáveis / IDSC-BR,https://www.cidadessustentaveis.org.br/api/idsc-br/buscarAllPerfilCidadeDetalhes,2026-09-01T10:54:12Z,8d9620bfd258f09360cc7567eaa0eb4734afed51e2afc1e78da1cc0a24872639,OK
3149606,Pequi,MG,3149606,58.13,397,,CODIGO_IBGE,IDSC-BR,buscarAllPerfilCidadeDetalhes,Instituto Cidades Sustentáveis / IDSC-BR,https://www.cidadessustentaveis.org.br/api/idsc-br/buscarAllPerfilCidadeDetalhes,2026-09-01T10:54:12Z,1e75ef829b23a655a6c66efdbf8c94bb25b3c2efec0a7fa0ef56e21bd87a3cb5,OK
3149705,Perdigão,MG,3149705,52.72,1720,,CODIGO_IBGE,IDSC-BR,buscarAllPerfilCidadeDetalhes,Instituto Cidades Sustentáveis / IDSC-BR,https://www.cidadessustentaveis.org.br/api/idsc-br/buscarAllPerfilCidadeDetalhes,2026-09-01T10:54:12Z,30267fda0a746cc0ac5db642e3c83e982b413600f3c666e7de911df1c11f2c23,OK
3149804,Perdizes,MG,3149804,56.18,745,,CODIGO_IBGE,IDSC-BR,buscarAllPerfilCidadeDetalhes,Instituto Cidades Sustentáveis / IDSC-BR,https://www.cidadessustentaveis.org.br/api/idsc-br/buscarAllPerfilCidadeDetalhes,2026-09-01T10:54:12Z,ffbe29f818bf8c94f439c2f2aae58233842b5cfefc31c6a63be1db3d10702c53,OK
3149903,Perdões,MG,3149903,49.26,3093,,CODIGO_IBGE,IDSC-BR,buscarAllPerfilCidadeDetalhes,Instituto Cidades Sustentáveis / IDSC-BR,https://www.cidadessustentaveis.org.br/api/idsc-br/buscarAllPerfilCidadeDetalhes,2026-09-01T10:54:12Z,ce238392ad06e72d6a5338c393b3d6edafc86d00327f003d45ba6c8fb3f0850d,OK
3149952,Periquito,MG,3149952,42.4,5112,,CODIGO_IBGE,IDSC-BR,buscarAllPerfilCidadeDetalhes,Instituto Cidades Sustentáveis / IDSC-BR,https://www.cidadessustentaveis.org.br/api/idsc-br/buscarAllPerfilCidadeDetalhes,2026-09-01T10:54:12Z,dbfe0fd828a91b020642a8b9455ada0635e14d6344e809814b44117c00fe01f5,OK
3150000,Pescador,MG,3150000,49.64,2952,,CODIGO_IBGE,IDSC-BR,buscarAllPerfilCidadeDetalhes,Instituto Cidades Sustentáveis / IDSC-BR,https://www.cidadessustentaveis.org.br/api/idsc-br/buscarAllPerfilCidadeDetalhes,2026-09-01T10:54:12Z,8cbc9fb0964484d04f094c039c92b3d1c374e9fcd3076862bf4a3d95a3ef1c2b,OK
3150109,Piau,MG,3150109,54.86,1053,,CODIGO_IBGE,IDSC-BR,buscarAllPerfilCidadeDetalhes,Instituto Cidades Sustentáveis / IDSC-BR,https://www.cidadessustentaveis.org.br/api/idsc-br/buscarAllPerfilCidadeDetalhes,2026-09-01T10:54:12Z,6d8c3abb218f3b25f1b826c27fc2b9412caf4c31faca049eade3a0fe61807fa6,OK
3150158,Piedade de Caratinga,MG,3150158,47.49,3792,,CODIGO_IBGE,IDSC-BR,buscarAllPerfilCidadeDetalhes,Instituto Cidades Sustentáveis / IDSC-BR,https://www.cidadessustentaveis.org.br/api/idsc-br/buscarAllPerfilCidadeDetalhes,2026-09-01T10:54:12Z,a92ad27e3a0459896cef0a8c593cfe562c2012b1dd98668778abfdca3d1ece4b,OK
3150208,Piedade de Ponte Nova,MG,3150208,49.69,2929,,CODIGO_IBGE,IDSC-BR,buscarAllPerfilCidadeDetalhes,Instituto Cidades Sustentáveis / IDSC-BR,https://www.cidadessustentaveis.org.br/api/idsc-br/buscarAllPerfilCidadeDetalhes,2026-09-01T10:54:12Z,6793a81c545ea65cc6da87c388024f30973688b22ed415daf966bd3d9932efa9,OK
3150307,Piedade do Rio Grande,MG,3150307,53.21,1553,,CODIGO_IBGE,IDSC-BR,buscarAllPerfilCidadeDetalhes,Instituto Cidades Sustentáveis / IDSC-BR,https://www.cidadessustentaveis.org.br/api/idsc-br/buscarAllPerfilCidadeDetalhes,2026-09-01T10:54:12Z,dbe50ea2df196959001d2793cc51d50dcff9edad6f688c056e13d83158c06f47,OK
3150406,Piedade dos Gerais,MG,3150406,51.91,2021,,CODIGO_IBGE,IDSC-BR,buscarAllPerfilCidadeDetalhes,Instituto Cidades Sustentáveis / IDSC-BR,https://www.cidadessustentaveis.org.br/api/idsc-br/buscarAllPerfilCidadeDetalhes,2026-09-01T10:54:12Z,4d3feb07bea6c22bbca1d19f25db9cee00d37e22e91c88ec550f96252fb5ef55,OK
3150505,Pimenta,MG,3150505,51.64,2130,,CODIGO_IBGE,IDSC-BR,buscarAllPerfilCidadeDetalhes,Instituto Cidades Sustentáveis / IDSC-BR,https://www.cidadessustentaveis.org.br/api/idsc-br/buscarAllPerfilCidadeDetalhes,2026-09-01T10:54:12Z,b04461eac9c582f971ca17f1ecb6c66d88ac40f0084dc0d7dffbd60ba801d2e8,OK
3150539,Pingo-d'Água,MG,3150539,47.06,3947,,CODIGO_IBGE,IDSC-BR,buscarAllPerfilCidadeDetalhes,Instituto Cidades Sustentáveis / IDSC-BR,https://www.cidadessustentaveis.org.br/api/idsc-br/buscarAllPerfilCidadeDetalhes,2026-09-01T10:54:12Z,3c45bf9b2d2f59113d597507e376de91233b8544dbce04b60f35d2969afc7579,OK
3150570,Pintópolis,MG,3150570,46.62,4100,,CODIGO_IBGE,IDSC-BR,buscarAllPerfilCidadeDetalhes,Instituto Cidades Sustentáveis / IDSC-BR,https://www.cidadessustentaveis.org.br/api/idsc-br/buscarAllPerfilCidadeDetalhes,2026-09-01T10:54:12Z,965cbfc48527ead6507935676962efefe612f78999f0e4fa09f9b2c12e5a0a0d,OK
3150604,Piracema,MG,3150604,48.28,3504,,CODIGO_IBGE,IDSC-BR,buscarAllPerfilCidadeDetalhes,Instituto Cidades Sustentáveis / IDSC-BR,https://www.cidadessustentaveis.org.br/api/idsc-br/buscarAllPerfilCidadeDetalhes,2026-09-01T10:54:12Z,e5206f280e84268aa318b200355ee5fc392e8605158c230b57f66230fe51e4f7,OK
3150703,Pirajuba,MG,3150703,54.79,1075,,CODIGO_IBGE,IDSC-BR,buscarAllPerfilCidadeDetalhes,Instituto Cidades Sustentáveis / IDSC-BR,https://www.cidadessustentaveis.org.br/api/idsc-br/buscarAllPerfilCidadeDetalhes,2026-09-01T10:54:12Z,af65e2a67822ead2f9ef0da4f714e60c9a0405f629f418b33683adffafb96b20,OK
3150802,Piranga,MG,3150802,50.89,2437,,CODIGO_IBGE,IDSC-BR,buscarAllPerfilCidadeDetalhes,Instituto Cidades Sustentáveis / IDSC-BR,https://www.cidadessustentaveis.org.br/api/idsc-br/buscarAllPerfilCidadeDetalhes,2026-09-01T10:54:12Z,0ae2e5985bb4a5801edf3dabf063b9b47a5f050884fedca16e1ddda92f1edc95,OK
3150901,Piranguçu,MG,3150901,55.3,940,,CODIGO_IBGE,IDSC-BR,buscarAllPerfilCidadeDetalhes,Instituto Cidades Sustentáveis / IDSC-BR,https://www.cidadessustentaveis.org.br/api/idsc-br/buscarAllPerfilCidadeDetalhes,2026-09-01T10:54:12Z,75d3af2d363776b3be591ab9f7156197944e7dfeb6891727eaca3c99790b8b57,OK
3151008,Piranguinho,MG,3151008,52.09,1948,,CODIGO_IBGE,IDSC-BR,buscarAllPerfilCidadeDetalhes,Instituto Cidades Sustentáveis / IDSC-BR,https://www.cidadessustentaveis.org.br/api/idsc-br/buscarAllPerfilCidadeDetalhes,2026-09-01T10:54:12Z,6031fbf39850a22aeb098ef04faa64779ca73f474b4c796ddfd21c40d719dfdf,OK
3151107,Pirapetinga,MG,3151107,49.82,2882,,CODIGO_IBGE,IDSC-BR,buscarAllPerfilCidadeDetalhes,Instituto Cidades Sustentáveis / IDSC-BR,https://www.cidadessustentaveis.org.br/api/idsc-br/buscarAllPerfilCidadeDetalhes,2026-09-01T10:54:12Z,d0b2cdd0b64b7591e089056929afdf66b5e7b335ab18b7c0ee5d57901d50d345,OK
3151206,Pirapora,MG,3151206,53.08,1590,,CODIGO_IBGE,IDSC-BR,buscarAllPerfilCidadeDetalhes,Instituto Cidades Sustentáveis / IDSC-BR,https://www.cidadessustentaveis.org.br/api/idsc-br/buscarAllPerfilCidadeDetalhes,2026-09-01T10:54:12Z,29a1b7b0a36690f6668ae0fe7b22b08ecf930ed7f59b7c52a5eef40712ccaecd,OK
3151305,Piraúba,MG,3151305,55.88,806,,CODIGO_IBGE,IDSC-BR,buscarAllPerfilCidadeDetalhes,Instituto Cidades Sustentáveis / IDSC-BR,https://www.cidadessustentaveis.org.br/api/idsc-br/buscarAllPerfilCidadeDetalhes,2026-09-01T10:54:12Z,3921933e233c5375d95c40127af541b2a64936400ca7d61f798736c30b8e4431,OK
3151404,Pitangui,MG,3151404,46.08,4267,,CODIGO_IBGE,IDSC-BR,buscarAllPerfilCidadeDetalhes,Instituto Cidades Sustentáveis / IDSC-BR,https://www.cidadessustentaveis.org.br/api/idsc-br/buscarAllPerfilCidadeDetalhes,2026-09-01T10:54:12Z,7fe0354dcfafad49513d9562ce9f3e19fb50150fd0ee875abe773dc55de0b694,OK
3151503,Piumhi,MG,3151503,53.38,1488,,CODIGO_IBGE,IDSC-BR,buscarAllPerfilCidadeDetalhes,Instituto Cidades Sustentáveis / IDSC-BR,https://www.cidadessustentaveis.org.br/api/idsc-br/buscarAllPerfilCidadeDetalhes,2026-09-01T10:54:12Z,8f658bd021928a0b575d1c0853755e29e84dea34e778018ff2b09a21701fa9c1,OK
3151602,Planura,MG,3151602,56.69,628,,CODIGO_IBGE,IDSC-BR,buscarAllPerfilCidadeDetalhes,Instituto Cidades Sustentáveis / IDSC-BR,https://www.cidadessustentaveis.org.br/api/idsc-br/buscarAllPerfilCidadeDetalhes,2026-09-01T10:54:12Z,d86611a77945dec6ff8d9f7215ea9647b90e23c8d11678067d30ff4294f6841c,OK
3151701,Poço Fundo,MG,3151701,52.6,1769,,CODIGO_IBGE,IDSC-BR,buscarAllPerfilCidadeDetalhes,Instituto Cidades Sustentáveis / IDSC-BR,https://www.cidadessustentaveis.org.br/api/idsc-br/buscarAllPerfilCidadeDetalhes,2026-09-01T10:54:12Z,36103a5bf8032fff4b7a038a6b9fea3a82c08f9e79cad69a024bd0998ff898e6,OK
3151800,Poços de Caldas,MG,3151800,55.41,922,,CODIGO_IBGE,IDSC-BR,buscarAllPerfilCidadeDetalhes,Instituto Cidades Sustentáveis / IDSC-BR,https://www.cidadessustentaveis.org.br/api/idsc-br/buscarAllPerfilCidadeDetalhes,2026-09-01T10:54:12Z,2dd6ebb16de241a429bd8b6799549bf5e2a4832b0b29722e410a29cb58b57813,OK
3151909,Pocrane,MG,3151909,47.62,3740,,CODIGO_IBGE,IDSC-BR,buscarAllPerfilCidadeDetalhes,Instituto Cidades Sustentáveis / IDSC-BR,https://www.cidadessustentaveis.org.br/api/idsc-br/buscarAllPerfilCidadeDetalhes,2026-09-01T10:54:12Z,401e299c2f385fa2ea19bada7f4016fdcc0f3effc5880afffddc61e10099744b,OK
3152006,Pompéu,MG,3152006,48.18,3543,,CODIGO_IBGE,IDSC-BR,buscarAllPerfilCidadeDetalhes,Instituto Cidades Sustentáveis / IDSC-BR,https://www.cidadessustentaveis.org.br/api/idsc-br/buscarAllPerfilCidadeDetalhes,2026-09-01T10:54:12Z,fca6f562d4ad8c7ee91d0da06eed24f1bdf3dc57c4cf8b174c2b4c7fcae8a329,OK
3152105,Ponte Nova,MG,3152105,49.59,2972,,CODIGO_IBGE,IDSC-BR,buscarAllPerfilCidadeDetalhes,Instituto Cidades Sustentáveis / IDSC-BR,https://www.cidadessustentaveis.org.br/api/idsc-br/buscarAllPerfilCidadeDetalhes,2026-09-01T10:54:12Z,5d07d98559ed697f96f4820de9d959cd79c7bf38e73dd19c4b4b5a13bfc77e97,OK
3152131,Ponto Chique,MG,3152131,53.1,1583,,CODIGO_IBGE,IDSC-BR,buscarAllPerfilCidadeDetalhes,Instituto Cidades Sustentáveis / IDSC-BR,https://www.cidadessustentaveis.org.br/api/idsc-br/buscarAllPerfilCidadeDetalhes,2026-09-01T10:54:12Z,af4763f695dea0ac84cdde6dcb652561ae7ede9187f4ba17669c5511dc2e3e59,OK
3152170,Ponto dos Volantes,MG,3152170,48.43,3436,,CODIGO_IBGE,IDSC-BR,buscarAllPerfilCidadeDetalhes,Instituto Cidades Sustentáveis / IDSC-BR,https://www.cidadessustentaveis.org.br/api/idsc-br/buscarAllPerfilCidadeDetalhes,2026-09-01T10:54:12Z,7890668da99430badf7653872ad0f7a71bcaddc2f8df4249e1dd36a052d0557b,OK
3152204,Porteirinha,MG,3152204,48.94,3221,,CODIGO_IBGE,IDSC-BR,buscarAllPerfilCidadeDetalhes,Instituto Cidades Sustentáveis / IDSC-BR,https://www.cidadessustentaveis.org.br/api/idsc-br/buscarAllPerfilCidadeDetalhes,2026-09-01T10:54:12Z,7b1e7a94526b4aa46236aacfda918e0bb6b8267a3f8f877cc2ae097cbac154cd,OK
3152303,Porto Firme,MG,3152303,48.81,3280,,CODIGO_IBGE,IDSC-BR,buscarAllPerfilCidadeDetalhes,Instituto Cidades Sustentáveis / IDSC-BR,https://www.cidadessustentaveis.org.br/api/idsc-br/buscarAllPerfilCidadeDetalhes,2026-09-01T10:54:12Z,b0a74d0c523e0bb1b96e2d9a78e6bd9ef33493a8bab5c6d3f6b8619f5903107f,OK
3152402,Poté,MG,3152402,49.46,3016,,CODIGO_IBGE,IDSC-BR,buscarAllPerfilCidadeDetalhes,Instituto Cidades Sustentáveis / IDSC-BR,https://www.cidadessustentaveis.org.br/api/idsc-br/buscarAllPerfilCidadeDetalhes,2026-09-01T10:54:12Z,edadb1575833c032fbec0dfcbdc45963a6c8363e3e294650a23cd232ac453ffd,OK
3152501,Pouso Alegre,MG,3152501,57.37,510,,CODIGO_IBGE,IDSC-BR,buscarAllPerfilCidadeDetalhes,Instituto Cidades Sustentáveis / IDSC-BR,https://www.cidadessustentaveis.org.br/api/idsc-br/buscarAllPerfilCidadeDetalhes,2026-09-01T10:54:12Z,e63edf447d702967fdefd62b82f74dad25b6098023e716b474d6fb5593e74384,OK
3152600,Pouso Alto,MG,3152600,50.23,2714,,CODIGO_IBGE,IDSC-BR,buscarAllPerfilCidadeDetalhes,Instituto Cidades Sustentáveis / IDSC-BR,https://www.cidadessustentaveis.org.br/api/idsc-br/buscarAllPerfilCidadeDetalhes,2026-09-01T10:54:12Z,5d5855f7f539fd6c0fdf36a2330b0eb0e6efedf99eb94c8454e1882b2c4ada6a,OK
3152709,Prados,MG,3152709,50.3,2683,,CODIGO_IBGE,IDSC-BR,buscarAllPerfilCidadeDetalhes,Instituto Cidades Sustentáveis / IDSC-BR,https://www.cidadessustentaveis.org.br/api/idsc-br/buscarAllPerfilCidadeDetalhes,2026-09-01T10:54:12Z,f3b4f0c3262a28e389e78029338e5ee8f9b50cbb862b28047579f6a351c95901,OK
3152808,Prata,MG,3152808,45.18,4521,,CODIGO_IBGE,IDSC-BR,buscarAllPerfilCidadeDetalhes,Instituto Cidades Sustentáveis / IDSC-BR,https://www.cidadessustentaveis.org.br/api/idsc-br/buscarAllPerfilCidadeDetalhes,2026-09-01T10:54:12Z,dbfc1b7c296f19a27024606584ebfcb775a93caa813d1e7686fb68c3e1b98387,OK
3152907,Pratápolis,MG,3152907,52.06,1959,,CODIGO_IBGE,IDSC-BR,buscarAllPerfilCidadeDetalhes,Instituto Cidades Sustentáveis / IDSC-BR,https://www.cidadessustentaveis.org.br/api/idsc-br/buscarAllPerfilCidadeDetalhes,2026-09-01T10:54:12Z,acd7edc6831d35c05725bd0a609d65e92773bdca037d2c163b76af6b549d3750,OK
3153004,Pratinha,MG,3153004,51.15,2345,,CODIGO_IBGE,IDSC-BR,buscarAllPerfilCidadeDetalhes,Instituto Cidades Sustentáveis / IDSC-BR,https://www.cidadessustentaveis.org.br/api/idsc-br/buscarAllPerfilCidadeDetalhes,2026-09-01T10:54:12Z,1ef84d89ce3c2b7dfda92cda85544c11d6c8ce2db6096506ec9d894e68c48542,OK
3153103,Presidente Bernardes,MG,3153103,51.9,2028,,CODIGO_IBGE,IDSC-BR,buscarAllPerfilCidadeDetalhes,Instituto Cidades Sustentáveis / IDSC-BR,https://www.cidadessustentaveis.org.br/api/idsc-br/buscarAllPerfilCidadeDetalhes,2026-09-01T10:54:12Z,cccf60620e497275b6730c94916a16a2e06c7ae5f47997323ab239553575c87b,OK
3153202,Presidente Juscelino,MG,3153202,53.2,1555,,CODIGO_IBGE,IDSC-BR,buscarAllPerfilCidadeDetalhes,Instituto Cidades Sustentáveis / IDSC-BR,https://www.cidadessustentaveis.org.br/api/idsc-br/buscarAllPerfilCidadeDetalhes,2026-09-01T10:54:12Z,cf549e4d894cd2c826df2315251664b3d089232c5a8e86f835caafa1a95fb4b8,OK
3153301,Presidente Kubitschek,MG,3153301,51.8,2067,,CODIGO_IBGE,IDSC-BR,buscarAllPerfilCidadeDetalhes,Instituto Cidades Sustentáveis / IDSC-BR,https://www.cidadessustentaveis.org.br/api/idsc-br/buscarAllPerfilCidadeDetalhes,2026-09-01T10:54:12Z,f06b49d98cc06f04c0e69151e77c8709be40c0539c1ee3b1276243b3e529a35e,OK
3153400,Presidente Olegário,MG,3153400,48.43,3431,,CODIGO_IBGE,IDSC-BR,buscarAllPerfilCidadeDetalhes,Instituto Cidades Sustentáveis / IDSC-BR,https://www.cidadessustentaveis.org.br/api/idsc-br/buscarAllPerfilCidadeDetalhes,2026-09-01T10:54:12Z,3665a08adb36dcf35b07754e1856fcf0b03dc15e076370274966c08909a21f38,OK
3153509,Alto Jequitibá,MG,3153509,52.72,1719,,CODIGO_IBGE,IDSC-BR,buscarAllPerfilCidadeDetalhes,Instituto Cidades Sustentáveis / IDSC-BR,https://www.cidadessustentaveis.org.br/api/idsc-br/buscarAllPerfilCidadeDetalhes,2026-09-01T10:54:12Z,e7c930f83a5a03d809abb880ea51a38359098ddc8b170c5123ebe2103c4c9ee0,OK
3153608,Prudente de Morais,MG,3153608,47.59,3752,,CODIGO_IBGE,IDSC-BR,buscarAllPerfilCidadeDetalhes,Instituto Cidades Sustentáveis / IDSC-BR,https://www.cidadessustentaveis.org.br/api/idsc-br/buscarAllPerfilCidadeDetalhes,2026-09-01T10:54:12Z,2aba5df7ebdec66b3c44aeb1c3ad69855d40a27becf6d058ce7edc9594629ff3,OK
3153707,Quartel Geral,MG,3153707,52.49,1813,,CODIGO_IBGE,IDSC-BR,buscarAllPerfilCidadeDetalhes,Instituto Cidades Sustentáveis / IDSC-BR,https://www.cidadessustentaveis.org.br/api/idsc-br/buscarAllPerfilCidadeDetalhes,2026-09-01T10:54:12Z,379b93946a4b5234458caf209f104b65d1b03e583c44ca3ed9039663f62a7f08,OK
3153806,Queluzito,MG,3153806,63.62,15,,CODIGO_IBGE,IDSC-BR,buscarAllPerfilCidadeDetalhes,Instituto Cidades Sustentáveis / IDSC-BR,https://www.cidadessustentaveis.org.br/api/idsc-br/buscarAllPerfilCidadeDetalhes,2026-09-01T10:54:12Z,edf384c12105914503a9ec337ed592daa459b5e9d0e69d388861ea5816de5362,OK
3153905,Raposos,MG,3153905,53.4,1481,,CODIGO_IBGE,IDSC-BR,buscarAllPerfilCidadeDetalhes,Instituto Cidades Sustentáveis / IDSC-BR,https://www.cidadessustentaveis.org.br/api/idsc-br/buscarAllPerfilCidadeDetalhes,2026-09-01T10:54:12Z,32b07d0555f384277410fe8d2644c9e0ec011b0c656237eb49d87ae43ca30066,OK
3154002,Raul Soares,MG,3154002,47.67,3726,,CODIGO_IBGE,IDSC-BR,buscarAllPerfilCidadeDetalhes,Instituto Cidades Sustentáveis / IDSC-BR,https://www.cidadessustentaveis.org.br/api/idsc-br/buscarAllPerfilCidadeDetalhes,2026-09-01T10:54:12Z,6c6e588e65c6089a339cd12773bab7d430c9da0b99380d53afe6ad385453f2ae,OK
3154101,Recreio,MG,3154101,48.9,3232,,CODIGO_IBGE,IDSC-BR,buscarAllPerfilCidadeDetalhes,Instituto Cidades Sustentáveis / IDSC-BR,https://www.cidadessustentaveis.org.br/api/idsc-br/buscarAllPerfilCidadeDetalhes,2026-09-01T10:54:12Z,fdfeeea5842251a52e0670a80387365fb94d6e577423867a8b67e7299112d5b4,OK
3154150,Reduto,MG,3154150,48.79,3291,,CODIGO_IBGE,IDSC-BR,buscarAllPerfilCidadeDetalhes,Instituto Cidades Sustentáveis / IDSC-BR,https://www.cidadessustentaveis.org.br/api/idsc-br/buscarAllPerfilCidadeDetalhes,2026-09-01T10:54:12Z,a785f0dc7ea27cced737db72bf4b8b360a2a12cf54c5a18accad9c3e01df5f3c,OK
3154200,Resende Costa,MG,3154200,53.4,1482,,CODIGO_IBGE,IDSC-BR,buscarAllPerfilCidadeDetalhes,Instituto Cidades Sustentáveis / IDSC-BR,https://www.cidadessustentaveis.org.br/api/idsc-br/buscarAllPerfilCidadeDetalhes,2026-09-01T10:54:12Z,c21bae3f4aafc5c1afd2ae660c28124470ec4c95daee00b0f95b7930ba64f6de,OK
3154309,Resplendor,MG,3154309,52.06,1958,,CODIGO_IBGE,IDSC-BR,buscarAllPerfilCidadeDetalhes,Instituto Cidades Sustentáveis / IDSC-BR,https://www.cidadessustentaveis.org.br/api/idsc-br/buscarAllPerfilCidadeDetalhes,2026-09-01T10:54:12Z,dd594be8e9984ce7c22c65f55784d4f8a4959ee1cc2493db7f476087652c3b7c,OK
3154408,Ressaquinha,MG,3154408,51.75,2082,,CODIGO_IBGE,IDSC-BR,buscarAllPerfilCidadeDetalhes,Instituto Cidades Sustentáveis / IDSC-BR,https://www.cidadessustentaveis.org.br/api/idsc-br/buscarAllPerfilCidadeDetalhes,2026-09-01T10:54:12Z,8e5ec4376e42527d618a11fc5b6083594b02f72767f526d272cd72227a2f425e,OK
3154457,Riachinho,MG,3154457,47.54,3768,,CODIGO_IBGE,IDSC-BR,buscarAllPerfilCidadeDetalhes,Instituto Cidades Sustentáveis / IDSC-BR,https://www.cidadessustentaveis.org.br/api/idsc-br/buscarAllPerfilCidadeDetalhes,2026-09-01T10:54:12Z,8d384e25b35332dd739ee166e4b31f9978db2eabf8316e605f6d498f86cdc01d,OK
3154507,Riacho dos Machados,MG,3154507,50.57,2581,,CODIGO_IBGE,IDSC-BR,buscarAllPerfilCidadeDetalhes,Instituto Cidades Sustentáveis / IDSC-BR,https://www.cidadessustentaveis.org.br/api/idsc-br/buscarAllPerfilCidadeDetalhes,2026-09-01T10:54:12Z,eb1810dd8065edbd78a857c1849462951465717fcd9bca47196468a42893f866,OK
3154606,Ribeirão das Neves,MG,3154606,45.31,4494,,CODIGO_IBGE,IDSC-BR,buscarAllPerfilCidadeDetalhes,Instituto Cidades Sustentáveis / IDSC-BR,https://www.cidadessustentaveis.org.br/api/idsc-br/buscarAllPerfilCidadeDetalhes,2026-09-01T10:54:12Z,1ca594ba205a3cd7884a38e541cea53c93d85bb996ee0c1402791c87893c849c,OK
3154705,Ribeirão Vermelho,MG,3154705,51.98,1997,,CODIGO_IBGE,IDSC-BR,buscarAllPerfilCidadeDetalhes,Instituto Cidades Sustentáveis / IDSC-BR,https://www.cidadessustentaveis.org.br/api/idsc-br/buscarAllPerfilCidadeDetalhes,2026-09-01T10:54:12Z,9a79ad04a0b2ab01bf37f103adca3a78a156832af9d212d50c46d8cb04b15a03,OK
3154804,Rio Acima,MG,3154804,56.81,603,,CODIGO_IBGE,IDSC-BR,buscarAllPerfilCidadeDetalhes,Instituto Cidades Sustentáveis / IDSC-BR,https://www.cidadessustentaveis.org.br/api/idsc-br/buscarAllPerfilCidadeDetalhes,2026-09-01T10:54:12Z,f8a33922f7a6075cb9f0b0505dae295fab1a745fd775cb0c6e970b050251b376,OK
3154903,Rio Casca,MG,3154903,45.4,4467,,CODIGO_IBGE,IDSC-BR,buscarAllPerfilCidadeDetalhes,Instituto Cidades Sustentáveis / IDSC-BR,https://www.cidadessustentaveis.org.br/api/idsc-br/buscarAllPerfilCidadeDetalhes,2026-09-01T10:54:12Z,b4f736fe3626857e73ab41cbf69aadfc37b4cb22ab8e1f0421dd4acff7ad1c32,OK
3155009,Rio Doce,MG,3155009,60.9,106,,CODIGO_IBGE,IDSC-BR,buscarAllPerfilCidadeDetalhes,Instituto Cidades Sustentáveis / IDSC-BR,https://www.cidadessustentaveis.org.br/api/idsc-br/buscarAllPerfilCidadeDetalhes,2026-09-01T10:54:12Z,3a88d7f7ae595df93ec6160e021338bb449b943305ddef961022d571dfb98ca1,OK
3155108,Rio do Prado,MG,3155108,49.16,3128,,CODIGO_IBGE,IDSC-BR,buscarAllPerfilCidadeDetalhes,Instituto Cidades Sustentáveis / IDSC-BR,https://www.cidadessustentaveis.org.br/api/idsc-br/buscarAllPerfilCidadeDetalhes,2026-09-01T10:54:12Z,fccbea427f2bd2cd87f261b554c268b68426b598b49c3933e09105a4a3abe8c9,OK
3155207,Rio Espera,MG,3155207,49.9,2848,,CODIGO_IBGE,IDSC-BR,buscarAllPerfilCidadeDetalhes,Instituto Cidades Sustentáveis / IDSC-BR,https://www.cidadessustentaveis.org.br/api/idsc-br/buscarAllPerfilCidadeDetalhes,2026-09-01T10:54:12Z,649a5d1f0f37f4cde232a97284c198b7c75c2ba266fd80176f881bae7e4644eb,OK
3155306,Rio Manso,MG,3155306,54.06,1278,,CODIGO_IBGE,IDSC-BR,buscarAllPerfilCidadeDetalhes,Instituto Cidades Sustentáveis / IDSC-BR,https://www.cidadessustentaveis.org.br/api/idsc-br/buscarAllPerfilCidadeDetalhes,2026-09-01T10:54:12Z,420a87de4d163a6acb70aa34d4a83f72c8c90161e40d1b620f65b25c2deaae31,OK
3155405,Rio Novo,MG,3155405,50.18,2733,,CODIGO_IBGE,IDSC-BR,buscarAllPerfilCidadeDetalhes,Instituto Cidades Sustentáveis / IDSC-BR,https://www.cidadessustentaveis.org.br/api/idsc-br/buscarAllPerfilCidadeDetalhes,2026-09-01T10:54:12Z,b461ca359416bbfd00c61c77ba2fbc4e925986be57ed68396fcfe2ee8d856057,OK
3155504,Rio Paranaíba,MG,3155504,59.6,201,,CODIGO_IBGE,IDSC-BR,buscarAllPerfilCidadeDetalhes,Instituto Cidades Sustentáveis / IDSC-BR,https://www.cidadessustentaveis.org.br/api/idsc-br/buscarAllPerfilCidadeDetalhes,2026-09-01T10:54:12Z,d181a387be11060e1483d6e3dc528801fd0c7f7577e1a2945ade5a145cdff8b8,OK
3155603,Rio Pardo de Minas,MG,3155603,54.84,1062,,CODIGO_IBGE,IDSC-BR,buscarAllPerfilCidadeDetalhes,Instituto Cidades Sustentáveis / IDSC-BR,https://www.cidadessustentaveis.org.br/api/idsc-br/buscarAllPerfilCidadeDetalhes,2026-09-01T10:54:12Z,4415ae2a6c213340a97c959f3c952b0c2922a48763b8c5eab7bd78a728adcf5b,OK
3155702,Rio Piracicaba,MG,3155702,56.33,709,,CODIGO_IBGE,IDSC-BR,buscarAllPerfilCidadeDetalhes,Instituto Cidades Sustentáveis / IDSC-BR,https://www.cidadessustentaveis.org.br/api/idsc-br/buscarAllPerfilCidadeDetalhes,2026-09-01T10:54:12Z,f8d9497bfe94ec4aea595c6736b1e7eaa8d3ef88618d9949b357e16f783aec86,OK
3155801,Rio Pomba,MG,3155801,52.25,1903,,CODIGO_IBGE,IDSC-BR,buscarAllPerfilCidadeDetalhes,Instituto Cidades Sustentáveis / IDSC-BR,https://www.cidadessustentaveis.org.br/api/idsc-br/buscarAllPerfilCidadeDetalhes,2026-09-01T10:54:12Z,1dc6cb770dec7163b209e14e968d4e63bc4288dcf99511028fa9221c8fbcf44c,OK
3155900,Rio Preto,MG,3155900,51.71,2098,,CODIGO_IBGE,IDSC-BR,buscarAllPerfilCidadeDetalhes,Instituto Cidades Sustentáveis / IDSC-BR,https://www.cidadessustentaveis.org.br/api/idsc-br/buscarAllPerfilCidadeDetalhes,2026-09-01T10:54:12Z,ce2a7b6cb0d945bf9b5cf65e8c6be0fe2c79dbfb7d1015be3736238fc1fab2e4,OK
3156007,Rio Vermelho,MG,3156007,48.41,3441,,CODIGO_IBGE,IDSC-BR,buscarAllPerfilCidadeDetalhes,Instituto Cidades Sustentáveis / IDSC-BR,https://www.cidadessustentaveis.org.br/api/idsc-br/buscarAllPerfilCidadeDetalhes,2026-09-01T10:54:12Z,2fd63300b42e963d6c6f0553d1e590e2d67c090f09510bf94099835c45664fa9,OK
3156106,Ritápolis,MG,3156106,51.5,2194,,CODIGO_IBGE,IDSC-BR,buscarAllPerfilCidadeDetalhes,Instituto Cidades Sustentáveis / IDSC-BR,https://www.cidadessustentaveis.org.br/api/idsc-br/buscarAllPerfilCidadeDetalhes,2026-09-01T10:54:12Z,274fdbe1954e2207adda5569d4aa22fa27388024a4a6bc51ce7f45cad55ff301,OK
3156205,Rochedo de Minas,MG,3156205,54.9,1044,,CODIGO_IBGE,IDSC-BR,buscarAllPerfilCidadeDetalhes,Instituto Cidades Sustentáveis / IDSC-BR,https://www.cidadessustentaveis.org.br/api/idsc-br/buscarAllPerfilCidadeDetalhes,2026-09-01T10:54:12Z,bacf6adf5a2493ef2267ca06c250ab13ceb42fe9d3b44c54857ddce767d9e269,OK
3156304,Rodeiro,MG,3156304,52.05,1964,,CODIGO_IBGE,IDSC-BR,buscarAllPerfilCidadeDetalhes,Instituto Cidades Sustentáveis / IDSC-BR,https://www.cidadessustentaveis.org.br/api/idsc-br/buscarAllPerfilCidadeDetalhes,2026-09-01T10:54:12Z,e7e291de44335295a04814aec3a4ebb7ca40779e5372cb3cfd466cac80c0c23e,OK
3156403,Romaria,MG,3156403,55.45,914,,CODIGO_IBGE,IDSC-BR,buscarAllPerfilCidadeDetalhes,Instituto Cidades Sustentáveis / IDSC-BR,https://www.cidadessustentaveis.org.br/api/idsc-br/buscarAllPerfilCidadeDetalhes,2026-09-01T10:54:12Z,bbad5133aa80fdfb25c4ddc36c28c32641d7329e700eda7fd98d59d103128256,OK
3156452,Rosário da Limeira,MG,3156452,50.07,2781,,CODIGO_IBGE,IDSC-BR,buscarAllPerfilCidadeDetalhes,Instituto Cidades Sustentáveis / IDSC-BR,https://www.cidadessustentaveis.org.br/api/idsc-br/buscarAllPerfilCidadeDetalhes,2026-09-01T10:54:12Z,2e5dbda1ed1cf50b38da3f0a6845a2c7c9be888b4274a88f4a92541517656744,OK
3156502,Rubelita,MG,3156502,47.1,3925,,CODIGO_IBGE,IDSC-BR,buscarAllPerfilCidadeDetalhes,Instituto Cidades Sustentáveis / IDSC-BR,https://www.cidadessustentaveis.org.br/api/idsc-br/buscarAllPerfilCidadeDetalhes,2026-09-01T10:54:12Z,431b8de39e1554e85aad48f7dea50c23ee980c8854e77e79c50ce045a5768e0d,OK
3156601,Rubim,MG,3156601,48.65,3341,,CODIGO_IBGE,IDSC-BR,buscarAllPerfilCidadeDetalhes,Instituto Cidades Sustentáveis / IDSC-BR,https://www.cidadessustentaveis.org.br/api/idsc-br/buscarAllPerfilCidadeDetalhes,2026-09-01T10:54:12Z,b002b389b8e386ded88906b1a1304619f9e62273cd2ab0a1237bec0cc74642e7,OK
3156700,Sabará,MG,3156700,47.09,3931,,CODIGO_IBGE,IDSC-BR,buscarAllPerfilCidadeDetalhes,Instituto Cidades Sustentáveis / IDSC-BR,https://www.cidadessustentaveis.org.br/api/idsc-br/buscarAllPerfilCidadeDetalhes,2026-09-01T10:54:12Z,acd4c5f282eb454081fdd43057c7e0e525bcc5bcc982972cefc7620d333e14fe,OK
3156809,Sabinópolis,MG,3156809,49.4,3035,,CODIGO_IBGE,IDSC-BR,buscarAllPerfilCidadeDetalhes,Instituto Cidades Sustentáveis / IDSC-BR,https://www.cidadessustentaveis.org.br/api/idsc-br/buscarAllPerfilCidadeDetalhes,2026-09-01T10:54:12Z,e870d9994aa93ad9a980b41396d862b3040e10e251bfff9f47da7bf3de723ee8,OK
3156908,Sacramento,MG,3156908,61.19,90,,CODIGO_IBGE,IDSC-BR,buscarAllPerfilCidadeDetalhes,Instituto Cidades Sustentáveis / IDSC-BR,https://www.cidadessustentaveis.org.br/api/idsc-br/buscarAllPerfilCidadeDetalhes,2026-09-01T10:54:12Z,f1adfdd94bddbb6e223c5ce8a4ea915229c6bf01f6881bcfb0721267894e96e3,OK
3157005,Salinas,MG,3157005,56.28,724,,CODIGO_IBGE,IDSC-BR,buscarAllPerfilCidadeDetalhes,Instituto Cidades Sustentáveis / IDSC-BR,https://www.cidadessustentaveis.org.br/api/idsc-br/buscarAllPerfilCidadeDetalhes,2026-09-01T10:54:12Z,4c1fd148935d4d369ead8e8159289146f639cb203b124d2847da2813e4b9fe22,OK
3157104,Salto da Divisa,MG,3157104,49.61,2966,,CODIGO_IBGE,IDSC-BR,buscarAllPerfilCidadeDetalhes,Instituto Cidades Sustentáveis / IDSC-BR,https://www.cidadessustentaveis.org.br/api/idsc-br/buscarAllPerfilCidadeDetalhes,2026-09-01T10:54:12Z,845215261b7144a56fa169be46d7a9f3ef2b9ad3dc26a06811345df2a80b1f67,OK
3157203,Santa Bárbara,MG,3157203,52.46,1828,,CODIGO_IBGE,IDSC-BR,buscarAllPerfilCidadeDetalhes,Instituto Cidades Sustentáveis / IDSC-BR,https://www.cidadessustentaveis.org.br/api/idsc-br/buscarAllPerfilCidadeDetalhes,2026-09-01T10:54:12Z,118feb0df755ccf127d628e10c448cae7de5a4d5efbdab5d55bb8241311f005f,OK
3157252,Santa Bárbara do Leste,MG,3157252,52.69,1733,,CODIGO_IBGE,IDSC-BR,buscarAllPerfilCidadeDetalhes,Instituto Cidades Sustentáveis / IDSC-BR,https://www.cidadessustentaveis.org.br/api/idsc-br/buscarAllPerfilCidadeDetalhes,2026-09-01T10:54:12Z,be3a29650aefaff17d039e4d68486ec2c220ef43ce93d5a8029efa0fbc232244,OK
3157278,Santa Bárbara do Monte Verde,MG,3157278,52.26,1897,,CODIGO_IBGE,IDSC-BR,buscarAllPerfilCidadeDetalhes,Instituto Cidades Sustentáveis / IDSC-BR,https://www.cidadessustentaveis.org.br/api/idsc-br/buscarAllPerfilCidadeDetalhes,2026-09-01T10:54:12Z,357f675e385696a704fde95ddd3f2b6aacca9363febf3e14cb1e0eba4af74f5c,OK
3157302,Santa Bárbara do Tugúrio,MG,3157302,53.19,1561,,CODIGO_IBGE,IDSC-BR,buscarAllPerfilCidadeDetalhes,Instituto Cidades Sustentáveis / IDSC-BR,https://www.cidadessustentaveis.org.br/api/idsc-br/buscarAllPerfilCidadeDetalhes,2026-09-01T10:54:12Z,2b8304dcfe08ac2627a979cc33fad8981b29ee1c05816746683d2a01e261b7ab,OK
3157336,Santa Cruz de Minas,MG,3157336,52.68,1737,,CODIGO_IBGE,IDSC-BR,buscarAllPerfilCidadeDetalhes,Instituto Cidades Sustentáveis / IDSC-BR,https://www.cidadessustentaveis.org.br/api/idsc-br/buscarAllPerfilCidadeDetalhes,2026-09-01T10:54:12Z,a15db9faa9e2061eeda0b73e98d7b557fb07c2fd08e957dbf8f80f56a2dd1f76,OK
3157377,Santa Cruz de Salinas,MG,3157377,56.55,655,,CODIGO_IBGE,IDSC-BR,buscarAllPerfilCidadeDetalhes,Instituto Cidades Sustentáveis / IDSC-BR,https://www.cidadessustentaveis.org.br/api/idsc-br/buscarAllPerfilCidadeDetalhes,2026-09-01T10:54:12Z,16ee02889acf90a0e4bb663bfe9bceb115bbda17c9e1d11d252c381806bd3aa2,OK
3157401,Santa Cruz do Escalvado,MG,3157401,51.04,2389,,CODIGO_IBGE,IDSC-BR,buscarAllPerfilCidadeDetalhes,Instituto Cidades Sustentáveis / IDSC-BR,https://www.cidadessustentaveis.org.br/api/idsc-br/buscarAllPerfilCidadeDetalhes,2026-09-01T10:54:12Z,6b35138a8e82412e0dc1504bbd238108d9ed137ca224ee5884ac9b64f3898f36,OK
3157500,Santa Efigênia de Minas,MG,3157500,46.43,4172,,CODIGO_IBGE,IDSC-BR,buscarAllPerfilCidadeDetalhes,Instituto Cidades Sustentáveis / IDSC-BR,https://www.cidadessustentaveis.org.br/api/idsc-br/buscarAllPerfilCidadeDetalhes,2026-09-01T10:54:12Z,e3c57a9f800ca391fa620384499dd651a84701b62d6b00364e46608cc343d513,OK
3157609,Santa Fé de Minas,MG,3157609,45.57,4429,,CODIGO_IBGE,IDSC-BR,buscarAllPerfilCidadeDetalhes,Instituto Cidades Sustentáveis / IDSC-BR,https://www.cidadessustentaveis.org.br/api/idsc-br/buscarAllPerfilCidadeDetalhes,2026-09-01T10:54:12Z,42ad699c5eea05a8afce9ac327504aec7e1e12cf6341c12edf2fa849173c5d1a,OK
3157658,Santa Helena de Minas,MG,3157658,43.79,4869,,CODIGO_IBGE,IDSC-BR,buscarAllPerfilCidadeDetalhes,Instituto Cidades Sustentáveis / IDSC-BR,https://www.cidadessustentaveis.org.br/api/idsc-br/buscarAllPerfilCidadeDetalhes,2026-09-01T10:54:12Z,78cbd5c849a593a1a4702e02d95d9b157fb06747d8401af8b370952a9cf414d6,OK
3157708,Santa Juliana,MG,3157708,50.95,2419,,CODIGO_IBGE,IDSC-BR,buscarAllPerfilCidadeDetalhes,Instituto Cidades Sustentáveis / IDSC-BR,https://www.cidadessustentaveis.org.br/api/idsc-br/buscarAllPerfilCidadeDetalhes,2026-09-01T10:54:12Z,fb48e28ae17a2b20d30554455c89a6c3336aeb04f23b0845549357771478a818,OK
3157807,Santa Luzia,MG,3157807,48.61,3358,,CODIGO_IBGE,IDSC-BR,buscarAllPerfilCidadeDetalhes,Instituto Cidades Sustentáveis / IDSC-BR,https://www.cidadessustentaveis.org.br/api/idsc-br/buscarAllPerfilCidadeDetalhes,2026-09-01T10:54:12Z,5730fb233f49f53c6117d9b00aaaf581970bd5d283db2f9be1e013556d17b600,OK
3157906,Santa Margarida,MG,3157906,51.47,2210,,CODIGO_IBGE,IDSC-BR,buscarAllPerfilCidadeDetalhes,Instituto Cidades Sustentáveis / IDSC-BR,https://www.cidadessustentaveis.org.br/api/idsc-br/buscarAllPerfilCidadeDetalhes,2026-09-01T10:54:12Z,4aba6fca7830b0de06fb8839487db1557f9c083b4554431d1f3226fd339a0e18,OK
3158003,Santa Maria de Itabira,MG,3158003,49.24,3103,,CODIGO_IBGE,IDSC-BR,buscarAllPerfilCidadeDetalhes,Instituto Cidades Sustentáveis / IDSC-BR,https://www.cidadessustentaveis.org.br/api/idsc-br/buscarAllPerfilCidadeDetalhes,2026-09-01T10:54:12Z,70f1f47006abaa887ab50960b13ca247efd40bce9459c35900a70a26b8909908,OK
3158102,Santa Maria do Salto,MG,3158102,51.85,2055,,CODIGO_IBGE,IDSC-BR,buscarAllPerfilCidadeDetalhes,Instituto Cidades Sustentáveis / IDSC-BR,https://www.cidadessustentaveis.org.br/api/idsc-br/buscarAllPerfilCidadeDetalhes,2026-09-01T10:54:12Z,33d705d60b3da9415a7fb2909fbd28e707f7247f24daf4c6603467ef5a6cc63b,OK
3158201,Santa Maria do Suaçuí,MG,3158201,49.56,2984,,CODIGO_IBGE,IDSC-BR,buscarAllPerfilCidadeDetalhes,Instituto Cidades Sustentáveis / IDSC-BR,https://www.cidadessustentaveis.org.br/api/idsc-br/buscarAllPerfilCidadeDetalhes,2026-09-01T10:54:12Z,c85c8a31f19133deb018e8ce652b1b57890d4484816ed98a966b440e155d413b,OK
3158300,Santana da Vargem,MG,3158300,60.6,126,,CODIGO_IBGE,IDSC-BR,buscarAllPerfilCidadeDetalhes,Instituto Cidades Sustentáveis / IDSC-BR,https://www.cidadessustentaveis.org.br/api/idsc-br/buscarAllPerfilCidadeDetalhes,2026-09-01T10:54:12Z,32042bce1228f1d598ebc13f5c18489c1457b9bb2c09551befc80ee460f29371,OK
3158409,Santana de Cataguases,MG,3158409,54.11,1261,,CODIGO_IBGE,IDSC-BR,buscarAllPerfilCidadeDetalhes,Instituto Cidades Sustentáveis / IDSC-BR,https://www.cidadessustentaveis.org.br/api/idsc-br/buscarAllPerfilCidadeDetalhes,2026-09-01T10:54:12Z,b31289571271adf1629e4861c634f2cb823cfe5454021e68309aef2d4d51a2f9,OK
3158508,Santana de Pirapama,MG,3158508,55.53,893,,CODIGO_IBGE,IDSC-BR,buscarAllPerfilCidadeDetalhes,Instituto Cidades Sustentáveis / IDSC-BR,https://www.cidadessustentaveis.org.br/api/idsc-br/buscarAllPerfilCidadeDetalhes,2026-09-01T10:54:12Z,d3785ee117490cbdd9d3c00e68adef77630359c94402b78b28fda683a86fa9dc,OK
3158607,Santana do Deserto,MG,3158607,53.26,1534,,CODIGO_IBGE,IDSC-BR,buscarAllPerfilCidadeDetalhes,Instituto Cidades Sustentáveis / IDSC-BR,https://www.cidadessustentaveis.org.br/api/idsc-br/buscarAllPerfilCidadeDetalhes,2026-09-01T10:54:12Z,597de0742b318902b4318b7f5d36f6803ba1ab6b748f5baf59a931c5db57219d,OK
3158706,Santana do Garambéu,MG,3158706,51.34,2258,,CODIGO_IBGE,IDSC-BR,buscarAllPerfilCidadeDetalhes,Instituto Cidades Sustentáveis / IDSC-BR,https://www.cidadessustentaveis.org.br/api/idsc-br/buscarAllPerfilCidadeDetalhes,2026-09-01T10:54:12Z,4665ea67605488dc2f6bf89633f660e731f9873e50f89cb43fb14ac44e4431ff,OK
3158805,Santana do Jacaré,MG,3158805,54.07,1277,,CODIGO_IBGE,IDSC-BR,buscarAllPerfilCidadeDetalhes,Instituto Cidades Sustentáveis / IDSC-BR,https://www.cidadessustentaveis.org.br/api/idsc-br/buscarAllPerfilCidadeDetalhes,2026-09-01T10:54:12Z,e23424362556ca108a5f9e52bffc19e961c101a0be17da28a512ce0c186778a7,OK
3158904,Santana do Manhuaçu,MG,3158904,44.89,4609,,CODIGO_IBGE,IDSC-BR,buscarAllPerfilCidadeDetalhes,Instituto Cidades Sustentáveis / IDSC-BR,https://www.cidadessustentaveis.org.br/api/idsc-br/buscarAllPerfilCidadeDetalhes,2026-09-01T10:54:12Z,b2d6ca5f2ca1abde0e98c3beafbfa39cc24b7526712fdcbdd28734cd9110f8b9,OK
3158953,Santana do Paraíso,MG,3158953,46.03,4275,,CODIGO_IBGE,IDSC-BR,buscarAllPerfilCidadeDetalhes,Instituto Cidades Sustentáveis / IDSC-BR,https://www.cidadessustentaveis.org.br/api/idsc-br/buscarAllPerfilCidadeDetalhes,2026-09-01T10:54:12Z,87661a127d7f2b8852d8de0a966c0fa6cc018b675b00556d677628f6a5d99269,OK
3159001,Santana do Riacho,MG,3159001,50.3,2684,,CODIGO_IBGE,IDSC-BR,buscarAllPerfilCidadeDetalhes,Instituto Cidades Sustentáveis / IDSC-BR,https://www.cidadessustentaveis.org.br/api/idsc-br/buscarAllPerfilCidadeDetalhes,2026-09-01T10:54:12Z,c0bdb995f6ea56e5a0ed0de48433febb05b3efa36a903aee6f81193151ce407a,OK
3159100,Santana dos Montes,MG,3159100,48.71,3313,,CODIGO_IBGE,IDSC-BR,buscarAllPerfilCidadeDetalhes,Instituto Cidades Sustentáveis / IDSC-BR,https://www.cidadessustentaveis.org.br/api/idsc-br/buscarAllPerfilCidadeDetalhes,2026-09-01T10:54:12Z,5b5c108f451ab84e2a730d6408ad46eff87b25c09c7092fe7c6c4c131d247ed0,OK
3159209,Santa Rita de Caldas,MG,3159209,53.24,1539,,CODIGO_IBGE,IDSC-BR,buscarAllPerfilCidadeDetalhes,Instituto Cidades Sustentáveis / IDSC-BR,https://www.cidadessustentaveis.org.br/api/idsc-br/buscarAllPerfilCidadeDetalhes,2026-09-01T10:54:12Z,498a55e34130be5032ca5f6d5c00ea5c3242d8cc1c1909f58d228624d15d1b72,OK
3159308,Santa Rita de Jacutinga,MG,3159308,53.51,1444,,CODIGO_IBGE,IDSC-BR,buscarAllPerfilCidadeDetalhes,Instituto Cidades Sustentáveis / IDSC-BR,https://www.cidadessustentaveis.org.br/api/idsc-br/buscarAllPerfilCidadeDetalhes,2026-09-01T10:54:12Z,81e5d9ae4e6b005d2637e2e8e41fb808a34ac05a281b9a383eecf5053af43ad0,OK
3159357,Santa Rita de Minas,MG,3159357,48.68,3321,,CODIGO_IBGE,IDSC-BR,buscarAllPerfilCidadeDetalhes,Instituto Cidades Sustentáveis / IDSC-BR,https://www.cidadessustentaveis.org.br/api/idsc-br/buscarAllPerfilCidadeDetalhes,2026-09-01T10:54:12Z,6a6d999a4919ef3c857dcb699760de7fe5a2bd069b11836f2f637b5ffb0654a9,OK
3159407,Santa Rita de Ibitipoca,MG,3159407,53.46,1461,,CODIGO_IBGE,IDSC-BR,buscarAllPerfilCidadeDetalhes,Instituto Cidades Sustentáveis / IDSC-BR,https://www.cidadessustentaveis.org.br/api/idsc-br/buscarAllPerfilCidadeDetalhes,2026-09-01T10:54:12Z,85ed637c5a6faa2631b91ca616eee0a3267538269f1d4850186aa9961a6d3fb3,OK
3159506,Santa Rita do Itueto,MG,3159506,50.64,2552,,CODIGO_IBGE,IDSC-BR,buscarAllPerfilCidadeDetalhes,Instituto Cidades Sustentáveis / IDSC-BR,https://www.cidadessustentaveis.org.br/api/idsc-br/buscarAllPerfilCidadeDetalhes,2026-09-01T10:54:12Z,73893c4aec79a850fbb1a804093233d7779287bde6e06a02479669fa81173f0e,OK
3159605,Santa Rita do Sapucaí,MG,3159605,60.55,129,,CODIGO_IBGE,IDSC-BR,buscarAllPerfilCidadeDetalhes,Instituto Cidades Sustentáveis / IDSC-BR,https://www.cidadessustentaveis.org.br/api/idsc-br/buscarAllPerfilCidadeDetalhes,2026-09-01T10:54:12Z,0ee7bb034c10a1b730f24c32749dc51f453635a6efd1ab8ac53b01bedd6f9b8b,OK
3159704,Santa Rosa da Serra,MG,3159704,55.23,953,,CODIGO_IBGE,IDSC-BR,buscarAllPerfilCidadeDetalhes,Instituto Cidades Sustentáveis / IDSC-BR,https://www.cidadessustentaveis.org.br/api/idsc-br/buscarAllPerfilCidadeDetalhes,2026-09-01T10:54:12Z,076b9bdf8015baea56f4df0e4143b85bdcad657c4486d026865a1d53f8e4a9b9,OK
3159803,Santa Vitória,MG,3159803,53.26,1535,,CODIGO_IBGE,IDSC-BR,buscarAllPerfilCidadeDetalhes,Instituto Cidades Sustentáveis / IDSC-BR,https://www.cidadessustentaveis.org.br/api/idsc-br/buscarAllPerfilCidadeDetalhes,2026-09-01T10:54:12Z,a082df144c84a315a92e5c5adaa7293434e44ed6e8c9efbf08a05aa2001e1548,OK
3159902,Santo Antônio do Amparo,MG,3159902,55.17,966,,CODIGO_IBGE,IDSC-BR,buscarAllPerfilCidadeDetalhes,Instituto Cidades Sustentáveis / IDSC-BR,https://www.cidadessustentaveis.org.br/api/idsc-br/buscarAllPerfilCidadeDetalhes,2026-09-01T10:54:12Z,9e2ca5983efb11840043aa3ca804f77f4fa0c51ca6d338a161c707efee52d7f1,OK
3160009,Santo Antônio do Aventureiro,MG,3160009,55.66,861,,CODIGO_IBGE,IDSC-BR,buscarAllPerfilCidadeDetalhes,Instituto Cidades Sustentáveis / IDSC-BR,https://www.cidadessustentaveis.org.br/api/idsc-br/buscarAllPerfilCidadeDetalhes,2026-09-01T10:54:12Z,563904c3c071ef4543f37f3fcd4181bd02b60b9c19f95765924bb938705f0fb7,OK
3160108,Santo Antônio do Grama,MG,3160108,53.89,1327,,CODIGO_IBGE,IDSC-BR,buscarAllPerfilCidadeDetalhes,Instituto Cidades Sustentáveis / IDSC-BR,https://www.cidadessustentaveis.org.br/api/idsc-br/buscarAllPerfilCidadeDetalhes,2026-09-01T10:54:12Z,44bd96183c14bdb2ab7e3e361bf809a9cca30484d6e49754b3e2c023bffffd96,OK
3160207,Santo Antônio do Itambé,MG,3160207,48.23,3529,,CODIGO_IBGE,IDSC-BR,buscarAllPerfilCidadeDetalhes,Instituto Cidades Sustentáveis / IDSC-BR,https://www.cidadessustentaveis.org.br/api/idsc-br/buscarAllPerfilCidadeDetalhes,2026-09-01T10:54:12Z,0753d00a4afc748450516d3c3581ba16f2dbec0c49d2031106592cd3fa08487a,OK
3160306,Santo Antônio do Jacinto,MG,3160306,50.27,2698,,CODIGO_IBGE,IDSC-BR,buscarAllPerfilCidadeDetalhes,Instituto Cidades Sustentáveis / IDSC-BR,https://www.cidadessustentaveis.org.br/api/idsc-br/buscarAllPerfilCidadeDetalhes,2026-09-01T10:54:12Z,44db25f9ad034cb45d787f819f1b1bf13f0cef1853974bd00275b4eed14b9d0b,OK
3160405,Santo Antônio do Monte,MG,3160405,55.75,836,,CODIGO_IBGE,IDSC-BR,buscarAllPerfilCidadeDetalhes,Instituto Cidades Sustentáveis / IDSC-BR,https://www.cidadessustentaveis.org.br/api/idsc-br/buscarAllPerfilCidadeDetalhes,2026-09-01T10:54:12Z,583a0ffd03d0451a3dc72bb090110586d28698ee574bdec2d8ac25753e299ec2,OK
3160454,Santo Antônio do Retiro,MG,3160454,56.13,758,,CODIGO_IBGE,IDSC-BR,buscarAllPerfilCidadeDetalhes,Instituto Cidades Sustentáveis / IDSC-BR,https://www.cidadessustentaveis.org.br/api/idsc-br/buscarAllPerfilCidadeDetalhes,2026-09-01T10:54:12Z,fc296df4aff60693b8f8741a7ac7d7eb97a2a748b95af29917bed75cd5b18a55,OK
3160504,Santo Antônio do Rio Abaixo,MG,3160504,53.87,1335,,CODIGO_IBGE,IDSC-BR,buscarAllPerfilCidadeDetalhes,Instituto Cidades Sustentáveis / IDSC-BR,https://www.cidadessustentaveis.org.br/api/idsc-br/buscarAllPerfilCidadeDetalhes,2026-09-01T10:54:12Z,7c8681a1d9223a9820e061679be7293aba55a8e5657442451da0f82bc7e69e90,OK
3160603,Santo Hipólito,MG,3160603,53.03,1605,,CODIGO_IBGE,IDSC-BR,buscarAllPerfilCidadeDetalhes,Instituto Cidades Sustentáveis / IDSC-BR,https://www.cidadessustentaveis.org.br/api/idsc-br/buscarAllPerfilCidadeDetalhes,2026-09-01T10:54:12Z,40d319df50614fb98307840476803a9f01a79e7b7e8d3810dad2d0fc75df7838,OK
3160702,Santos Dumont,MG,3160702,51.49,2205,,CODIGO_IBGE,IDSC-BR,buscarAllPerfilCidadeDetalhes,Instituto Cidades Sustentáveis / IDSC-BR,https://www.cidadessustentaveis.org.br/api/idsc-br/buscarAllPerfilCidadeDetalhes,2026-09-01T10:54:12Z,a51e39a79c296c8201a03ca6f0dc1ff49220cf14e6a9222f02deea24308b98b8,OK
3160801,São Bento Abade,MG,3160801,55.92,797,,CODIGO_IBGE,IDSC-BR,buscarAllPerfilCidadeDetalhes,Instituto Cidades Sustentáveis / IDSC-BR,https://www.cidadessustentaveis.org.br/api/idsc-br/buscarAllPerfilCidadeDetalhes,2026-09-01T10:54:12Z,f8cfb261037abe030b5e6f16280e47afb09231f3af1e52fd3f3cb25291401449,OK
3160900,São Brás do Suaçuí,MG,3160900,56.42,685,,CODIGO_IBGE,IDSC-BR,buscarAllPerfilCidadeDetalhes,Instituto Cidades Sustentáveis / IDSC-BR,https://www.cidadessustentaveis.org.br/api/idsc-br/buscarAllPerfilCidadeDetalhes,2026-09-01T10:54:12Z,a6e1db9a0b9fec777f7e6023ed61d8b70dea908857fea4e6aa8a4352585aa566,OK
3160959,São Domingos das Dores,MG,3160959,58.43,352,,CODIGO_IBGE,IDSC-BR,buscarAllPerfilCidadeDetalhes,Instituto Cidades Sustentáveis / IDSC-BR,https://www.cidadessustentaveis.org.br/api/idsc-br/buscarAllPerfilCidadeDetalhes,2026-09-01T10:54:12Z,82c9271499a746223c1ffba945a52569bd48adf339edb06fa333dd4eeecee40c,OK
3161007,São Domingos do Prata,MG,3161007,52.73,1718,,CODIGO_IBGE,IDSC-BR,buscarAllPerfilCidadeDetalhes,Instituto Cidades Sustentáveis / IDSC-BR,https://www.cidadessustentaveis.org.br/api/idsc-br/buscarAllPerfilCidadeDetalhes,2026-09-01T10:54:12Z,f32b218cdea211e9a78e828124a74be400f867004ab9a0f1895c7d04a5e1569e,OK
3161056,São Félix de Minas,MG,3161056,56.72,620,,CODIGO_IBGE,IDSC-BR,buscarAllPerfilCidadeDetalhes,Instituto Cidades Sustentáveis / IDSC-BR,https://www.cidadessustentaveis.org.br/api/idsc-br/buscarAllPerfilCidadeDetalhes,2026-09-01T10:54:12Z,cd0c5ea71da838b75dc2c7a487eb1fe125326a3303a232a191fa6d47baea4ca7,OK
3161106,São Francisco,MG,3161106,47.49,3787,,CODIGO_IBGE,IDSC-BR,buscarAllPerfilCidadeDetalhes,Instituto Cidades Sustentáveis / IDSC-BR,https://www.cidadessustentaveis.org.br/api/idsc-br/buscarAllPerfilCidadeDetalhes,2026-09-01T10:54:12Z,f33669f7d551da75d9bc73a99657c7ad61232d8a81f96b122f1179d0b0502c33,OK
3161205,São Francisco de Paula,MG,3161205,51.66,2124,,CODIGO_IBGE,IDSC-BR,buscarAllPerfilCidadeDetalhes,Instituto Cidades Sustentáveis / IDSC-BR,https://www.cidadessustentaveis.org.br/api/idsc-br/buscarAllPerfilCidadeDetalhes,2026-09-01T10:54:12Z,5ca742b8cb0087ae034e80de16d04ad3fd2078b113575f320ea9c110b7efc798,OK
3161304,São Francisco de Sales,MG,3161304,52.81,1692,,CODIGO_IBGE,IDSC-BR,buscarAllPerfilCidadeDetalhes,Instituto Cidades Sustentáveis / IDSC-BR,https://www.cidadessustentaveis.org.br/api/idsc-br/buscarAllPerfilCidadeDetalhes,2026-09-01T10:54:12Z,b7b6728f9f757f111c37dc636dee23fb2fcd2bc7bf08460fb20500d231bb1fd6,OK
3161403,São Francisco do Glória,MG,3161403,54.4,1173,,CODIGO_IBGE,IDSC-BR,buscarAllPerfilCidadeDetalhes,Instituto Cidades Sustentáveis / IDSC-BR,https://www.cidadessustentaveis.org.br/api/idsc-br/buscarAllPerfilCidadeDetalhes,2026-09-01T10:54:12Z,1cfe6bfccd7260540af9b149ab5e9c7122b96ea9714c2a348cb8b998efb39f08,OK
3161502,São Geraldo,MG,3161502,45.93,4310,,CODIGO_IBGE,IDSC-BR,buscarAllPerfilCidadeDetalhes,Instituto Cidades Sustentáveis / IDSC-BR,https://www.cidadessustentaveis.org.br/api/idsc-br/buscarAllPerfilCidadeDetalhes,2026-09-01T10:54:12Z,c734be478cb7157a25ca6a93aa57653e2e2118e0d2ce912b0735c35a29b5c0d3,OK
3161601,São Geraldo da Piedade,MG,3161601,50.12,2758,,CODIGO_IBGE,IDSC-BR,buscarAllPerfilCidadeDetalhes,Instituto Cidades Sustentáveis / IDSC-BR,https://www.cidadessustentaveis.org.br/api/idsc-br/buscarAllPerfilCidadeDetalhes,2026-09-01T10:54:12Z,dc17e08ceb3a415f3864bb946c2a7564609da5991d8dc4cd737e9cea3bd0be9d,OK
3161650,São Geraldo do Baixio,MG,3161650,54.95,1030,,CODIGO_IBGE,IDSC-BR,buscarAllPerfilCidadeDetalhes,Instituto Cidades Sustentáveis / IDSC-BR,https://www.cidadessustentaveis.org.br/api/idsc-br/buscarAllPerfilCidadeDetalhes,2026-09-01T10:54:12Z,8935e00718fc4b8901074cdad504749743e065c3e5b28c385bc8c8ee669aae8f,OK
3161700,São Gonçalo do Abaeté,MG,3161700,50.53,2595,,CODIGO_IBGE,IDSC-BR,buscarAllPerfilCidadeDetalhes,Instituto Cidades Sustentáveis / IDSC-BR,https://www.cidadessustentaveis.org.br/api/idsc-br/buscarAllPerfilCidadeDetalhes,2026-09-01T10:54:12Z,4bed3b01515b30533af91b69718ab9b1f50e38897354024e66db8ce1a5773d4e,OK
3161809,São Gonçalo do Pará,MG,3161809,53.49,1449,,CODIGO_IBGE,IDSC-BR,buscarAllPerfilCidadeDetalhes,Instituto Cidades Sustentáveis / IDSC-BR,https://www.cidadessustentaveis.org.br/api/idsc-br/buscarAllPerfilCidadeDetalhes,2026-09-01T10:54:12Z,f3c94461f91985be1b3ad41dd104c2f30f4b96fb7d1fb6295f9185264fa09568,OK
3161908,São Gonçalo do Rio Abaixo,MG,3161908,59.65,198,,CODIGO_IBGE,IDSC-BR,buscarAllPerfilCidadeDetalhes,Instituto Cidades Sustentáveis / IDSC-BR,https://www.cidadessustentaveis.org.br/api/idsc-br/buscarAllPerfilCidadeDetalhes,2026-09-01T10:54:12Z,b5b2b54ab39a0f8ae9b7e51d5452ab6b63e485949417f142beca0f06784a7a55,OK
3162005,São Gonçalo do Sapucaí,MG,3162005,47.73,3712,,CODIGO_IBGE,IDSC-BR,buscarAllPerfilCidadeDetalhes,Instituto Cidades Sustentáveis / IDSC-BR,https://www.cidadessustentaveis.org.br/api/idsc-br/buscarAllPerfilCidadeDetalhes,2026-09-01T10:54:12Z,d584e5da05e38cde86ba49d139e95e1374b694957987874c1e2f38dd771995b3,OK
3162104,São Gotardo,MG,3162104,48.9,3237,,CODIGO_IBGE,IDSC-BR,buscarAllPerfilCidadeDetalhes,Instituto Cidades Sustentáveis / IDSC-BR,https://www.cidadessustentaveis.org.br/api/idsc-br/buscarAllPerfilCidadeDetalhes,2026-09-01T10:54:12Z,b61df3e40a14e73af9794966e1a1ecad2c249875edf5fbe2aa697d1b1cc5ee25,OK
3162203,São João Batista do Glória,MG,3162203,52.14,1936,,CODIGO_IBGE,IDSC-BR,buscarAllPerfilCidadeDetalhes,Instituto Cidades Sustentáveis / IDSC-BR,https://www.cidadessustentaveis.org.br/api/idsc-br/buscarAllPerfilCidadeDetalhes,2026-09-01T10:54:12Z,57e204ea383d0af78c8fffd7fac48f92fa32963e942e894c31fafc5051793e20,OK
3162252,São João da Lagoa,MG,3162252,50.3,2682,,CODIGO_IBGE,IDSC-BR,buscarAllPerfilCidadeDetalhes,Instituto Cidades Sustentáveis / IDSC-BR,https://www.cidadessustentaveis.org.br/api/idsc-br/buscarAllPerfilCidadeDetalhes,2026-09-01T10:54:12Z,9e8051477e99f987c42524fed02d6a658e6d63280a4d53b98dc03bbc91a09bbd,OK
3162302,São João da Mata,MG,3162302,53.95,1304,,CODIGO_IBGE,IDSC-BR,buscarAllPerfilCidadeDetalhes,Instituto Cidades Sustentáveis / IDSC-BR,https://www.cidadessustentaveis.org.br/api/idsc-br/buscarAllPerfilCidadeDetalhes,2026-09-01T10:54:12Z,cf91e0dcaebd8e0f849c2916b8dc600ff3fac30df4c98e74c44fef0406c3dbed,OK
3162401,São João da Ponte,MG,3162401,48.77,3300,,CODIGO_IBGE,IDSC-BR,buscarAllPerfilCidadeDetalhes,Instituto Cidades Sustentáveis / IDSC-BR,https://www.cidadessustentaveis.org.br/api/idsc-br/buscarAllPerfilCidadeDetalhes,2026-09-01T10:54:12Z,8d50c1b87ba00e5ec022c4fea8178dca1bf62c56b4ec29c345ab758950692aaf,OK
3162450,São João das Missões,MG,3162450,42.09,5150,,CODIGO_IBGE,IDSC-BR,buscarAllPerfilCidadeDetalhes,Instituto Cidades Sustentáveis / IDSC-BR,https://www.cidadessustentaveis.org.br/api/idsc-br/buscarAllPerfilCidadeDetalhes,2026-09-01T10:54:12Z,4ed0585cc07e4d35600c3cbb31888844305b3df8c12687727bd6eb5c132b602a,OK
3162500,São João del Rei,MG,3162500,49.18,3123,,CODIGO_IBGE,IDSC-BR,buscarAllPerfilCidadeDetalhes,Instituto Cidades Sustentáveis / IDSC-BR,https://www.cidadessustentaveis.org.br/api/idsc-br/buscarAllPerfilCidadeDetalhes,2026-09-01T10:54:12Z,d3f38744e892d059a2fe514be546a4240757c0dc9061fa0ba198692653ea62a1,OK
3162559,São João do Manhuaçu,MG,3162559,51.24,2308,,CODIGO_IBGE,IDSC-BR,buscarAllPerfilCidadeDetalhes,Instituto Cidades Sustentáveis / IDSC-BR,https://www.cidadessustentaveis.org.br/api/idsc-br/buscarAllPerfilCidadeDetalhes,2026-09-01T10:54:12Z,0fa86bb741e31f6ba09f2c565b5943f049ebb899c30fa89a09eeb66939a44660,OK
3162575,São João do Manteninha,MG,3162575,50.32,2674,,CODIGO_IBGE,IDSC-BR,buscarAllPerfilCidadeDetalhes,Instituto Cidades Sustentáveis / IDSC-BR,https://www.cidadessustentaveis.org.br/api/idsc-br/buscarAllPerfilCidadeDetalhes,2026-09-01T10:54:12Z,ee28079275839b2a67c1baa9ad49d880715a96b15b168cb1a98d1788c4ad4b5c,OK
3162609,São João do Oriente,MG,3162609,52.23,1910,,CODIGO_IBGE,IDSC-BR,buscarAllPerfilCidadeDetalhes,Instituto Cidades Sustentáveis / IDSC-BR,https://www.cidadessustentaveis.org.br/api/idsc-br/buscarAllPerfilCidadeDetalhes,2026-09-01T10:54:12Z,bb992c60eace335218d4e9f3d9a2906e6a0e7eb1a2600813ba777abba4f6c218,OK
3162658,São João do Pacuí,MG,3162658,49.87,2864,,CODIGO_IBGE,IDSC-BR,buscarAllPerfilCidadeDetalhes,Instituto Cidades Sustentáveis / IDSC-BR,https://www.cidadessustentaveis.org.br/api/idsc-br/buscarAllPerfilCidadeDetalhes,2026-09-01T10:54:12Z,de4ed60e60f1c47aed55e0d4c4a5e66cc3b8ea97fbf100d4be47fd0638ccfdb5,OK
3162708,São João do Paraíso,MG,3162708,51.58,2155,,CODIGO_IBGE,IDSC-BR,buscarAllPerfilCidadeDetalhes,Instituto Cidades Sustentáveis / IDSC-BR,https://www.cidadessustentaveis.org.br/api/idsc-br/buscarAllPerfilCidadeDetalhes,2026-09-01T10:54:12Z,88cec41288a25642298631875f89ac848bca342421701bd50b28746bf6220476,OK
3162807,São João Evangelista,MG,3162807,51.7,2105,,CODIGO_IBGE,IDSC-BR,buscarAllPerfilCidadeDetalhes,Instituto Cidades Sustentáveis / IDSC-BR,https://www.cidadessustentaveis.org.br/api/idsc-br/buscarAllPerfilCidadeDetalhes,2026-09-01T10:54:12Z,f8c909b332faa54fa4b6ac2bdd3da4f139c1ac33b20fb716ff717c7ead309f0e,OK
3162906,São João Nepomuceno,MG,3162906,50.88,2443,,CODIGO_IBGE,IDSC-BR,buscarAllPerfilCidadeDetalhes,Instituto Cidades Sustentáveis / IDSC-BR,https://www.cidadessustentaveis.org.br/api/idsc-br/buscarAllPerfilCidadeDetalhes,2026-09-01T10:54:12Z,a530127fce465bbda77505d05db00519e1bb7a37421fd623f12cd131385e5f63,OK
3162922,São Joaquim de Bicas,MG,3162922,45.85,4331,,CODIGO_IBGE,IDSC-BR,buscarAllPerfilCidadeDetalhes,Instituto Cidades Sustentáveis / IDSC-BR,https://www.cidadessustentaveis.org.br/api/idsc-br/buscarAllPerfilCidadeDetalhes,2026-09-01T10:54:12Z,fdf1a935cda0a3eaf19e95b1c0e0218c3773b34ab44e8ea5926358017dae35b3,OK
3162948,São José da Barra,MG,3162948,50.12,2762,,CODIGO_IBGE,IDSC-BR,buscarAllPerfilCidadeDetalhes,Instituto Cidades Sustentáveis / IDSC-BR,https://www.cidadessustentaveis.org.br/api/idsc-br/buscarAllPerfilCidadeDetalhes,2026-09-01T10:54:12Z,bba33431f1f704e82502951b3ee391f3b93eca7f891cbed47bb5e5fcbd82c50b,OK
3162955,São José da Lapa,MG,3162955,55.84,813,,CODIGO_IBGE,IDSC-BR,buscarAllPerfilCidadeDetalhes,Instituto Cidades Sustentáveis / IDSC-BR,https://www.cidadessustentaveis.org.br/api/idsc-br/buscarAllPerfilCidadeDetalhes,2026-09-01T10:54:12Z,193aa6e69bbde68823fad5082b9723d38572e9e2f9d3a2b83cc9f2b578eb3805,OK
3163003,São José da Safira,MG,3163003,49.65,2948,,CODIGO_IBGE,IDSC-BR,buscarAllPerfilCidadeDetalhes,Instituto Cidades Sustentáveis / IDSC-BR,https://www.cidadessustentaveis.org.br/api/idsc-br/buscarAllPerfilCidadeDetalhes,2026-09-01T10:54:12Z,e54f2f56fbcf540d0c8a528911cf2a78b162ee3e37729f2304bfb283ff50951c,OK
3163102,São José da Varginha,MG,3163102,54.61,1112,,CODIGO_IBGE,IDSC-BR,buscarAllPerfilCidadeDetalhes,Instituto Cidades Sustentáveis / IDSC-BR,https://www.cidadessustentaveis.org.br/api/idsc-br/buscarAllPerfilCidadeDetalhes,2026-09-01T10:54:12Z,1eb21d3c649d7bec1a1c32d5eddee73a1399b65e25573e410e20977862260658,OK
3163201,São José do Alegre,MG,3163201,52.57,1786,,CODIGO_IBGE,IDSC-BR,buscarAllPerfilCidadeDetalhes,Instituto Cidades Sustentáveis / IDSC-BR,https://www.cidadessustentaveis.org.br/api/idsc-br/buscarAllPerfilCidadeDetalhes,2026-09-01T10:54:12Z,52727c61ff982fcc509e888505fa0354e6e4f86e737a12bb724d2d1ed528ec6d,OK
3163300,São José do Divino,MG,3163300,52.38,1856,,CODIGO_IBGE,IDSC-BR,buscarAllPerfilCidadeDetalhes,Instituto Cidades Sustentáveis / IDSC-BR,https://www.cidadessustentaveis.org.br/api/idsc-br/buscarAllPerfilCidadeDetalhes,2026-09-01T10:54:12Z,0bd0d2c8c82eb8241c6c3634741461e4d01ed19a946010596fa5a04fe68d034a,OK
3163409,São José do Goiabal,MG,3163409,56.11,760,,CODIGO_IBGE,IDSC-BR,buscarAllPerfilCidadeDetalhes,Instituto Cidades Sustentáveis / IDSC-BR,https://www.cidadessustentaveis.org.br/api/idsc-br/buscarAllPerfilCidadeDetalhes,2026-09-01T10:54:12Z,27a5c79f2d38dc25cf50e4f8bb36816b34bc975f5ab37f3496060a800a72743d,OK
3163508,São José do Jacuri,MG,3163508,50.04,2795,,CODIGO_IBGE,IDSC-BR,buscarAllPerfilCidadeDetalhes,Instituto Cidades Sustentáveis / IDSC-BR,https://www.cidadessustentaveis.org.br/api/idsc-br/buscarAllPerfilCidadeDetalhes,2026-09-01T10:54:12Z,c906b6270f81e6f8b65dc64073d0f169591e15dc7c4d98647098f05c9ecec487,OK
3163607,São José do Mantimento,MG,3163607,51.75,2084,,CODIGO_IBGE,IDSC-BR,buscarAllPerfilCidadeDetalhes,Instituto Cidades Sustentáveis / IDSC-BR,https://www.cidadessustentaveis.org.br/api/idsc-br/buscarAllPerfilCidadeDetalhes,2026-09-01T10:54:12Z,ac58f85ba73e927876ae62c7fbeefd10272b35d3df949fa6e2efc562225505ac,OK
3163706,São Lourenço,MG,3163706,50.5,2606,,CODIGO_IBGE,IDSC-BR,buscarAllPerfilCidadeDetalhes,Instituto Cidades Sustentáveis / IDSC-BR,https://www.cidadessustentaveis.org.br/api/idsc-br/buscarAllPerfilCidadeDetalhes,2026-09-01T10:54:12Z,e0c9f50963ec2cf38bb80ec4532f99a30ec1fcdbe822a26cc635f51655cc9c0e,OK
3163805,São Miguel do Anta,MG,3163805,44.83,4625,,CODIGO_IBGE,IDSC-BR,buscarAllPerfilCidadeDetalhes,Instituto Cidades Sustentáveis / IDSC-BR,https://www.cidadessustentaveis.org.br/api/idsc-br/buscarAllPerfilCidadeDetalhes,2026-09-01T10:54:12Z,093a6b28d5119dc2334c37a83b00423420652fdd3875801b6b8d5e5180f37e77,OK
3163904,São Pedro da União,MG,3163904,57.79,444,,CODIGO_IBGE,IDSC-BR,buscarAllPerfilCidadeDetalhes,Instituto Cidades Sustentáveis / IDSC-BR,https://www.cidadessustentaveis.org.br/api/idsc-br/buscarAllPerfilCidadeDetalhes,2026-09-01T10:54:12Z,7d428ad79a29ba1c2877d916537104c46050f10276becc609345a330a01bebc3,OK
3164001,São Pedro dos Ferros,MG,3164001,46.32,4202,,CODIGO_IBGE,IDSC-BR,buscarAllPerfilCidadeDetalhes,Instituto Cidades Sustentáveis / IDSC-BR,https://www.cidadessustentaveis.org.br/api/idsc-br/buscarAllPerfilCidadeDetalhes,2026-09-01T10:54:12Z,ff823d2e395baf1f8f89b5d4c7f8595c003125e46fb016b1cbd6c7789c5e3f20,OK
3164100,São Pedro do Suaçuí,MG,3164100,50.08,2777,,CODIGO_IBGE,IDSC-BR,buscarAllPerfilCidadeDetalhes,Instituto Cidades Sustentáveis / IDSC-BR,https://www.cidadessustentaveis.org.br/api/idsc-br/buscarAllPerfilCidadeDetalhes,2026-09-01T10:54:12Z,5ab49f2d1329caffc2ecdddf3de37176b4f48262ac4e423c5dd88626797c211b,OK
3164209,São Romão,MG,3164209,48.37,3466,,CODIGO_IBGE,IDSC-BR,buscarAllPerfilCidadeDetalhes,Instituto Cidades Sustentáveis / IDSC-BR,https://www.cidadessustentaveis.org.br/api/idsc-br/buscarAllPerfilCidadeDetalhes,2026-09-01T10:54:12Z,295497dc115e6bd3747012a9a797ea1d6a909e0b28fda11c7482ed57da4e9822,OK
3164308,São Roque de Minas,MG,3164308,53.54,1434,,CODIGO_IBGE,IDSC-BR,buscarAllPerfilCidadeDetalhes,Instituto Cidades Sustentáveis / IDSC-BR,https://www.cidadessustentaveis.org.br/api/idsc-br/buscarAllPerfilCidadeDetalhes,2026-09-01T10:54:12Z,d0dd590cd1181896cf25fcc28224868b79796c2300942b13888e7e4ce31caed3,OK
3164407,São Sebastião da Bela Vista,MG,3164407,53.35,1493,,CODIGO_IBGE,IDSC-BR,buscarAllPerfilCidadeDetalhes,Instituto Cidades Sustentáveis / IDSC-BR,https://www.cidadessustentaveis.org.br/api/idsc-br/buscarAllPerfilCidadeDetalhes,2026-09-01T10:54:12Z,e325fda48509a551df41b82c82ced04b868f4103bb501f21d90a5df053e41ef7,OK
3164431,São Sebastião da Vargem Alegre,MG,3164431,56.51,667,,CODIGO_IBGE,IDSC-BR,buscarAllPerfilCidadeDetalhes,Instituto Cidades Sustentáveis / IDSC-BR,https://www.cidadessustentaveis.org.br/api/idsc-br/buscarAllPerfilCidadeDetalhes,2026-09-01T10:54:12Z,22b216ad68b3ae05c6b1b95884f647333718b2773a0ebcf7296598297457c4c8,OK
3164472,São Sebastião do Anta,MG,3164472,51.89,2035,,CODIGO_IBGE,IDSC-BR,buscarAllPerfilCidadeDetalhes,Instituto Cidades Sustentáveis / IDSC-BR,https://www.cidadessustentaveis.org.br/api/idsc-br/buscarAllPerfilCidadeDetalhes,2026-09-01T10:54:12Z,dbd9ffb9d012f06d0eb6faaa30ab64c50153cbcb7c46a176838ece571759e118,OK
3164506,São Sebastião do Maranhão,MG,3164506,50.42,2638,,CODIGO_IBGE,IDSC-BR,buscarAllPerfilCidadeDetalhes,Instituto Cidades Sustentáveis / IDSC-BR,https://www.cidadessustentaveis.org.br/api/idsc-br/buscarAllPerfilCidadeDetalhes,2026-09-01T10:54:12Z,4d32033a8e7f360ee682ce95cef053e83d395b8a0142ba27c8d871f6706c4d3d,OK
3164605,São Sebastião do Oeste,MG,3164605,52.19,1922,,CODIGO_IBGE,IDSC-BR,buscarAllPerfilCidadeDetalhes,Instituto Cidades Sustentáveis / IDSC-BR,https://www.cidadessustentaveis.org.br/api/idsc-br/buscarAllPerfilCidadeDetalhes,2026-09-01T10:54:12Z,7ef75ee51031fb7e5443a66447418f7ee982b1ecebd945b11f83159fde017542,OK
3164704,São Sebastião do Paraíso,MG,3164704,53.65,1397,,CODIGO_IBGE,IDSC-BR,buscarAllPerfilCidadeDetalhes,Instituto Cidades Sustentáveis / IDSC-BR,https://www.cidadessustentaveis.org.br/api/idsc-br/buscarAllPerfilCidadeDetalhes,2026-09-01T10:54:12Z,fcb283d798c22de41e6394cfdf7c35189a03fbcb2fc93f0d747200f02796eae4,OK
3164803,São Sebastião do Rio Preto,MG,3164803,54.12,1251,,CODIGO_IBGE,IDSC-BR,buscarAllPerfilCidadeDetalhes,Instituto Cidades Sustentáveis / IDSC-BR,https://www.cidadessustentaveis.org.br/api/idsc-br/buscarAllPerfilCidadeDetalhes,2026-09-01T10:54:12Z,155fe2e1465d896b55f822eabd52c0fcaf4952c740474bebdf2f937e6f36a71d,OK
3164902,São Sebastião do Rio Verde,MG,3164902,54.88,1048,,CODIGO_IBGE,IDSC-BR,buscarAllPerfilCidadeDetalhes,Instituto Cidades Sustentáveis / IDSC-BR,https://www.cidadessustentaveis.org.br/api/idsc-br/buscarAllPerfilCidadeDetalhes,2026-09-01T10:54:12Z,26c13c3d89ead2cbac6bd9baf240ab0bc5fc930c3a1fc91ed7c6b04f96431aef,OK
3165008,São Tiago,MG,3165008,58.0,410,,CODIGO_IBGE,IDSC-BR,buscarAllPerfilCidadeDetalhes,Instituto Cidades Sustentáveis / IDSC-BR,https://www.cidadessustentaveis.org.br/api/idsc-br/buscarAllPerfilCidadeDetalhes,2026-09-01T10:54:12Z,794c4b14d25a5d2b7f44f6e085ef1e5163350d478285cd28f8eb8513422e492e,OK
3165107,São Tomás de Aquino,MG,3165107,51.97,2001,,CODIGO_IBGE,IDSC-BR,buscarAllPerfilCidadeDetalhes,Instituto Cidades Sustentáveis / IDSC-BR,https://www.cidadessustentaveis.org.br/api/idsc-br/buscarAllPerfilCidadeDetalhes,2026-09-01T10:54:12Z,a17d799241c8dd8d2e5e4f04363f8ca65da971075d49371050c7e24bdaa9de44,OK
3165206,São Tomé das Letras,MG,3165206,53.6,1412,,CODIGO_IBGE,IDSC-BR,buscarAllPerfilCidadeDetalhes,Instituto Cidades Sustentáveis / IDSC-BR,https://www.cidadessustentaveis.org.br/api/idsc-br/buscarAllPerfilCidadeDetalhes,2026-09-01T10:54:12Z,6a087a0d65c1bcd22fa8ddcdf8cb0c4c28d56bb1195ebffcf270193f08f54ec6,OK
3165305,São Vicente de Minas,MG,3165305,50.21,2719,,CODIGO_IBGE,IDSC-BR,buscarAllPerfilCidadeDetalhes,Instituto Cidades Sustentáveis / IDSC-BR,https://www.cidadessustentaveis.org.br/api/idsc-br/buscarAllPerfilCidadeDetalhes,2026-09-01T10:54:12Z,7e89a789d8fefa3e1feb38a3df1a24cd35187804849b0d77a9c53979eee48de3,OK
3165404,Sapucaí-Mirim,MG,3165404,55.66,859,,CODIGO_IBGE,IDSC-BR,buscarAllPerfilCidadeDetalhes,Instituto Cidades Sustentáveis / IDSC-BR,https://www.cidadessustentaveis.org.br/api/idsc-br/buscarAllPerfilCidadeDetalhes,2026-09-01T10:54:12Z,1f856c49a1d5253edee93a5334c2b256ee14b1308dccf41c3813ddb5e0e75078,OK
3165503,Sardoá,MG,3165503,47.76,3697,,CODIGO_IBGE,IDSC-BR,buscarAllPerfilCidadeDetalhes,Instituto Cidades Sustentáveis / IDSC-BR,https://www.cidadessustentaveis.org.br/api/idsc-br/buscarAllPerfilCidadeDetalhes,2026-09-01T10:54:12Z,77b7a152e4b3581655ed470479fb27b69360385bb3849aa5cf29e635bf296c57,OK
3165537,Sarzedo,MG,3165537,51.53,2175,,CODIGO_IBGE,IDSC-BR,buscarAllPerfilCidadeDetalhes,Instituto Cidades Sustentáveis / IDSC-BR,https://www.cidadessustentaveis.org.br/api/idsc-br/buscarAllPerfilCidadeDetalhes,2026-09-01T10:54:12Z,9ad9880e2728a0dca5c29aa821af2db0008008d71dd0f61b4c7be76bce027249,OK
3165552,Setubinha,MG,3165552,45.52,4436,,CODIGO_IBGE,IDSC-BR,buscarAllPerfilCidadeDetalhes,Instituto Cidades Sustentáveis / IDSC-BR,https://www.cidadessustentaveis.org.br/api/idsc-br/buscarAllPerfilCidadeDetalhes,2026-09-01T10:54:12Z,fdebfe57a26616c50929dbd450910e0b49549c88c0f5dad4fa846a418e0671cf,OK
3165560,Sem-Peixe,MG,3165560,54.37,1179,,CODIGO_IBGE,IDSC-BR,buscarAllPerfilCidadeDetalhes,Instituto Cidades Sustentáveis / IDSC-BR,https://www.cidadessustentaveis.org.br/api/idsc-br/buscarAllPerfilCidadeDetalhes,2026-09-01T10:54:12Z,81a4b4026f11d799579dd3ac2bf7f60d7a68a90cb65c88c310e82d83c303067d,OK
3165578,Senador Amaral,MG,3165578,54.95,1033,,CODIGO_IBGE,IDSC-BR,buscarAllPerfilCidadeDetalhes,Instituto Cidades Sustentáveis / IDSC-BR,https://www.cidadessustentaveis.org.br/api/idsc-br/buscarAllPerfilCidadeDetalhes,2026-09-01T10:54:12Z,06f17c9618aef1439eea535fe1e0e3dcb429afbdc6b3dd1bc9b0f83ec8f31f04,OK
3165602,Senador Cortes,MG,3165602,54.68,1093,,CODIGO_IBGE,IDSC-BR,buscarAllPerfilCidadeDetalhes,Instituto Cidades Sustentáveis / IDSC-BR,https://www.cidadessustentaveis.org.br/api/idsc-br/buscarAllPerfilCidadeDetalhes,2026-09-01T10:54:12Z,638da2600df01b2e0f852910555b5585044f901d4f496e1e5ad5c5fefca89e5c,OK
3165701,Senador Firmino,MG,3165701,48.45,3423,,CODIGO_IBGE,IDSC-BR,buscarAllPerfilCidadeDetalhes,Instituto Cidades Sustentáveis / IDSC-BR,https://www.cidadessustentaveis.org.br/api/idsc-br/buscarAllPerfilCidadeDetalhes,2026-09-01T10:54:12Z,3559707cdf376328d53384db1403aa1b0f10bed02f2c231f5283740ada01c2f2,OK
3165800,Senador José Bento,MG,3165800,57.74,453,,CODIGO_IBGE,IDSC-BR,buscarAllPerfilCidadeDetalhes,Instituto Cidades Sustentáveis / IDSC-BR,https://www.cidadessustentaveis.org.br/api/idsc-br/buscarAllPerfilCidadeDetalhes,2026-09-01T10:54:12Z,4bcfe15bab1d35ea336d0c5523aa76234016df4a9c1b559c81f6ead237135a07,OK
3165909,Senador Modestino Gonçalves,MG,3165909,50.58,2577,,CODIGO_IBGE,IDSC-BR,buscarAllPerfilCidadeDetalhes,Instituto Cidades Sustentáveis / IDSC-BR,https://www.cidadessustentaveis.org.br/api/idsc-br/buscarAllPerfilCidadeDetalhes,2026-09-01T10:54:12Z,84a2865a421f3d8803081413ec67cd4f4fe69c7434c0d2d6003f8abfde574931,OK
3166006,Senhora de Oliveira,MG,3166006,59.11,252,,CODIGO_IBGE,IDSC-BR,buscarAllPerfilCidadeDetalhes,Instituto Cidades Sustentáveis / IDSC-BR,https://www.cidadessustentaveis.org.br/api/idsc-br/buscarAllPerfilCidadeDetalhes,2026-09-01T10:54:12Z,4c374ec0142f28d54f5085b42dece8dee659157b70dfe21809206e86e9e9bbbc,OK
3166105,Senhora do Porto,MG,3166105,46.67,4079,,CODIGO_IBGE,IDSC-BR,buscarAllPerfilCidadeDetalhes,Instituto Cidades Sustentáveis / IDSC-BR,https://www.cidadessustentaveis.org.br/api/idsc-br/buscarAllPerfilCidadeDetalhes,2026-09-01T10:54:12Z,075dfa985c7300bcc0ec1b8a2765b13dfca8e6fd3adbbc21e992f767b16500c3,OK
3166204,Senhora dos Remédios,MG,3166204,50.33,2671,,CODIGO_IBGE,IDSC-BR,buscarAllPerfilCidadeDetalhes,Instituto Cidades Sustentáveis / IDSC-BR,https://www.cidadessustentaveis.org.br/api/idsc-br/buscarAllPerfilCidadeDetalhes,2026-09-01T10:54:12Z,461db13e1902786410ca303f1b56c5ea4530acdf44c013143e090fd186a592fd,OK
3166303,Sericita,MG,3166303,51.78,2073,,CODIGO_IBGE,IDSC-BR,buscarAllPerfilCidadeDetalhes,Instituto Cidades Sustentáveis / IDSC-BR,https://www.cidadessustentaveis.org.br/api/idsc-br/buscarAllPerfilCidadeDetalhes,2026-09-01T10:54:12Z,aad1d2752ab9b639d4f41e901e52acc3aa9cb2d8baff113a22c52604abe36f2a,OK
3166402,Seritinga,MG,3166402,53.75,1372,,CODIGO_IBGE,IDSC-BR,buscarAllPerfilCidadeDetalhes,Instituto Cidades Sustentáveis / IDSC-BR,https://www.cidadessustentaveis.org.br/api/idsc-br/buscarAllPerfilCidadeDetalhes,2026-09-01T10:54:12Z,523a462952edeb8545f311572568441854de79647fcca9caf874e7f39b292b55,OK
3166501,Serra Azul de Minas,MG,3166501,48.61,3361,,CODIGO_IBGE,IDSC-BR,buscarAllPerfilCidadeDetalhes,Instituto Cidades Sustentáveis / IDSC-BR,https://www.cidadessustentaveis.org.br/api/idsc-br/buscarAllPerfilCidadeDetalhes,2026-09-01T10:54:12Z,f99a353b12a3964f55c34cba5c9559655c1c09b0af6ba8e9a48ca9b955a4b996,OK
3166600,Serra da Saudade,MG,3166600,57.53,482,,CODIGO_IBGE,IDSC-BR,buscarAllPerfilCidadeDetalhes,Instituto Cidades Sustentáveis / IDSC-BR,https://www.cidadessustentaveis.org.br/api/idsc-br/buscarAllPerfilCidadeDetalhes,2026-09-01T10:54:12Z,bbf1b3be5bfeeff9a52c523761d9c1d424ba0b88a9da10c19ac4845f59958c19,OK
3166709,Serra dos Aimorés,MG,3166709,45.73,4377,,CODIGO_IBGE,IDSC-BR,buscarAllPerfilCidadeDetalhes,Instituto Cidades Sustentáveis / IDSC-BR,https://www.cidadessustentaveis.org.br/api/idsc-br/buscarAllPerfilCidadeDetalhes,2026-09-01T10:54:12Z,d476d20b73423450499b8198182886207bf98c512b7b2ac71c678cec8eb502ee,OK
3166808,Serra do Salitre,MG,3166808,53.75,1368,,CODIGO_IBGE,IDSC-BR,buscarAllPerfilCidadeDetalhes,Instituto Cidades Sustentáveis / IDSC-BR,https://www.cidadessustentaveis.org.br/api/idsc-br/buscarAllPerfilCidadeDetalhes,2026-09-01T10:54:12Z,f6a9d7ed38f4d7e847394374d2696b01decdcaacb7c27f70b25696ac47fd678a,OK
3166907,Serrania,MG,3166907,58.16,393,,CODIGO_IBGE,IDSC-BR,buscarAllPerfilCidadeDetalhes,Instituto Cidades Sustentáveis / IDSC-BR,https://www.cidadessustentaveis.org.br/api/idsc-br/buscarAllPerfilCidadeDetalhes,2026-09-01T10:54:12Z,7929d96230ca073a4c23aa9bed5bdc0626dec39e0773b32ff196983c83a979ef,OK
3166956,Serranópolis de Minas,MG,3166956,50.61,2564,,CODIGO_IBGE,IDSC-BR,buscarAllPerfilCidadeDetalhes,Instituto Cidades Sustentáveis / IDSC-BR,https://www.cidadessustentaveis.org.br/api/idsc-br/buscarAllPerfilCidadeDetalhes,2026-09-01T10:54:12Z,99e22b9128710bdef7142dea5c75fcb04f01fe5369c71783f61bf33913a0c7d4,OK
3167004,Serranos,MG,3167004,54.59,1117,,CODIGO_IBGE,IDSC-BR,buscarAllPerfilCidadeDetalhes,Instituto Cidades Sustentáveis / IDSC-BR,https://www.cidadessustentaveis.org.br/api/idsc-br/buscarAllPerfilCidadeDetalhes,2026-09-01T10:54:12Z,1ae5f95902521d04bb32c084986a08c2187a5422df9bd6d33a9a46f59923f9e0,OK
3167103,Serro,MG,3167103,52.2,1919,,CODIGO_IBGE,IDSC-BR,buscarAllPerfilCidadeDetalhes,Instituto Cidades Sustentáveis / IDSC-BR,https://www.cidadessustentaveis.org.br/api/idsc-br/buscarAllPerfilCidadeDetalhes,2026-09-01T10:54:12Z,f401f1e51d8110ec57c3828b5b64551a92a50dcb444b6c972270031e1534fc71,OK
3167202,Sete Lagoas,MG,3167202,50.11,2767,,CODIGO_IBGE,IDSC-BR,buscarAllPerfilCidadeDetalhes,Instituto Cidades Sustentáveis / IDSC-BR,https://www.cidadessustentaveis.org.br/api/idsc-br/buscarAllPerfilCidadeDetalhes,2026-09-01T10:54:12Z,a4e832df53b0f08e10427c8ab424e499e38d04cfaf3d4280a2f8b366e75de526,OK
3167301,Silveirânia,MG,3167301,54.55,1128,,CODIGO_IBGE,IDSC-BR,buscarAllPerfilCidadeDetalhes,Instituto Cidades Sustentáveis / IDSC-BR,https://www.cidadessustentaveis.org.br/api/idsc-br/buscarAllPerfilCidadeDetalhes,2026-09-01T10:54:12Z,83670c88c17893a4b350cec04c2bd787ae5fa76a802f04512d6e8b69dae83983,OK
3167400,Silvianópolis,MG,3167400,53.41,1475,,CODIGO_IBGE,IDSC-BR,buscarAllPerfilCidadeDetalhes,Instituto Cidades Sustentáveis / IDSC-BR,https://www.cidadessustentaveis.org.br/api/idsc-br/buscarAllPerfilCidadeDetalhes,2026-09-01T10:54:12Z,e0d5dcd715828e7d242afb773973f8360379719e903041c6738ba3ffd9073647,OK
3167509,Simão Pereira,MG,3167509,45.95,4301,,CODIGO_IBGE,IDSC-BR,buscarAllPerfilCidadeDetalhes,Instituto Cidades Sustentáveis / IDSC-BR,https://www.cidadessustentaveis.org.br/api/idsc-br/buscarAllPerfilCidadeDetalhes,2026-09-01T10:54:12Z,fe171f41b65cf56d15592776819b57b2dff11835b0efe520607b337384601f7a,OK
3167608,Simonésia,MG,3167608,46.75,4060,,CODIGO_IBGE,IDSC-BR,buscarAllPerfilCidadeDetalhes,Instituto Cidades Sustentáveis / IDSC-BR,https://www.cidadessustentaveis.org.br/api/idsc-br/buscarAllPerfilCidadeDetalhes,2026-09-01T10:54:12Z,1f0ce929290d2199914b84c25a1a3abc450ba3c02bb7a153e9ade1fc57f88c89,OK
3167707,Sobrália,MG,3167707,49.75,2910,,CODIGO_IBGE,IDSC-BR,buscarAllPerfilCidadeDetalhes,Instituto Cidades Sustentáveis / IDSC-BR,https://www.cidadessustentaveis.org.br/api/idsc-br/buscarAllPerfilCidadeDetalhes,2026-09-01T10:54:12Z,e2d5719fbb6808e522d8056193760038e088d4ec6d1bf9e16c0e7542b3bae992,OK
3167806,Soledade de Minas,MG,3167806,50.91,2434,,CODIGO_IBGE,IDSC-BR,buscarAllPerfilCidadeDetalhes,Instituto Cidades Sustentáveis / IDSC-BR,https://www.cidadessustentaveis.org.br/api/idsc-br/buscarAllPerfilCidadeDetalhes,2026-09-01T10:54:12Z,cb7c58e1a77e30999c83de26953aa526aaa8990558ee57ac4b9fd5368ff1c21f,OK
3167905,Tabuleiro,MG,3167905,52.92,1657,,CODIGO_IBGE,IDSC-BR,buscarAllPerfilCidadeDetalhes,Instituto Cidades Sustentáveis / IDSC-BR,https://www.cidadessustentaveis.org.br/api/idsc-br/buscarAllPerfilCidadeDetalhes,2026-09-01T10:54:12Z,549ab5ccc6080842c04363137834735910552861b39e20c8cc5bbbc5ffa48256,OK
3168002,Taiobeiras,MG,3168002,53.28,1526,,CODIGO_IBGE,IDSC-BR,buscarAllPerfilCidadeDetalhes,Instituto Cidades Sustentáveis / IDSC-BR,https://www.cidadessustentaveis.org.br/api/idsc-br/buscarAllPerfilCidadeDetalhes,2026-09-01T10:54:12Z,55edc20c23485d8a1bfe0060272779c83cb313d5a522f561b8c3ebc3d83db7ac,OK
3168051,Taparuba,MG,3168051,53.65,1398,,CODIGO_IBGE,IDSC-BR,buscarAllPerfilCidadeDetalhes,Instituto Cidades Sustentáveis / IDSC-BR,https://www.cidadessustentaveis.org.br/api/idsc-br/buscarAllPerfilCidadeDetalhes,2026-09-01T10:54:12Z,264af76d8c8cb48ac3812f928d83cf7555e282a92815eb944ee92dc17b6faf88,OK
3168101,Tapira,MG,3168101,54.45,1161,,CODIGO_IBGE,IDSC-BR,buscarAllPerfilCidadeDetalhes,Instituto Cidades Sustentáveis / IDSC-BR,https://www.cidadessustentaveis.org.br/api/idsc-br/buscarAllPerfilCidadeDetalhes,2026-09-01T10:54:12Z,df8b51399452af36304811d0e6f1d35e371f0d94237acacaa45365c1455ee1d0,OK
3168200,Tapiraí,MG,3168200,49.17,3125,,CODIGO_IBGE,IDSC-BR,buscarAllPerfilCidadeDetalhes,Instituto Cidades Sustentáveis / IDSC-BR,https://www.cidadessustentaveis.org.br/api/idsc-br/buscarAllPerfilCidadeDetalhes,2026-09-01T10:54:12Z,6f74499384046efeb1f526d3e92fd518157bc9bfe883939321143cf618498fcd,OK
3168309,Taquaraçu de Minas,MG,3168309,53.49,1453,,CODIGO_IBGE,IDSC-BR,buscarAllPerfilCidadeDetalhes,Instituto Cidades Sustentáveis / IDSC-BR,https://www.cidadessustentaveis.org.br/api/idsc-br/buscarAllPerfilCidadeDetalhes,2026-09-01T10:54:12Z,a08a7cc532364d7cb67b39dc17b7a46d6f33a2d86ddafa0dd4ed2d9b08def2df,OK
3168408,Tarumirim,MG,3168408,44.75,4654,,CODIGO_IBGE,IDSC-BR,buscarAllPerfilCidadeDetalhes,Instituto Cidades Sustentáveis / IDSC-BR,https://www.cidadessustentaveis.org.br/api/idsc-br/buscarAllPerfilCidadeDetalhes,2026-09-01T10:54:12Z,c87471b71174bd0882f5ff7bd9b1367936dbbe466926a6da67f1164d14eb6a6b,OK
3168507,Teixeiras,MG,3168507,47.59,3749,,CODIGO_IBGE,IDSC-BR,buscarAllPerfilCidadeDetalhes,Instituto Cidades Sustentáveis / IDSC-BR,https://www.cidadessustentaveis.org.br/api/idsc-br/buscarAllPerfilCidadeDetalhes,2026-09-01T10:54:12Z,de5d9c91e849537382c9e1e37d671dc009be0ade5fb77d51dfc7f6703456ad74,OK
3168606,Teófilo Otoni,MG,3168606,49.66,2940,,CODIGO_IBGE,IDSC-BR,buscarAllPerfilCidadeDetalhes,Instituto Cidades Sustentáveis / IDSC-BR,https://www.cidadessustentaveis.org.br/api/idsc-br/buscarAllPerfilCidadeDetalhes,2026-09-01T10:54:12Z,6b21a496e3e59902f2e7ec3e4288e4852511ba8039358d1c06fe3d8600c6b93e,OK
3168705,Timóteo,MG,3168705,48.24,3526,,CODIGO_IBGE,IDSC-BR,buscarAllPerfilCidadeDetalhes,Instituto Cidades Sustentáveis / IDSC-BR,https://www.cidadessustentaveis.org.br/api/idsc-br/buscarAllPerfilCidadeDetalhes,2026-09-01T10:54:12Z,ba0757a52c277130622a3a0a72ff920ec99d60f58311189f5011be0e806dfa0b,OK
3168804,Tiradentes,MG,3168804,54.58,1120,,CODIGO_IBGE,IDSC-BR,buscarAllPerfilCidadeDetalhes,Instituto Cidades Sustentáveis / IDSC-BR,https://www.cidadessustentaveis.org.br/api/idsc-br/buscarAllPerfilCidadeDetalhes,2026-09-01T10:54:12Z,3af9d249597d570dfbf94550d7d7ea14d047335e4324781009dee620f1b2d0e7,OK
3168903,Tiros,MG,3168903,51.32,2270,,CODIGO_IBGE,IDSC-BR,buscarAllPerfilCidadeDetalhes,Instituto Cidades Sustentáveis / IDSC-BR,https://www.cidadessustentaveis.org.br/api/idsc-br/buscarAllPerfilCidadeDetalhes,2026-09-01T10:54:12Z,b13c59522e1f4b53082ed3d9e8c7d60abc0b14abcc91a7b832f91883959f1a9d,OK
3169000,Tocantins,MG,3169000,45.29,4499,,CODIGO_IBGE,IDSC-BR,buscarAllPerfilCidadeDetalhes,Instituto Cidades Sustentáveis / IDSC-BR,https://www.cidadessustentaveis.org.br/api/idsc-br/buscarAllPerfilCidadeDetalhes,2026-09-01T10:54:12Z,860bcb9eec38d22991cb2f5dd15b499c9747330b3e80de085cd6804ed1dff2fa,OK
3169059,Tocos do Moji,MG,3169059,58.71,305,,CODIGO_IBGE,IDSC-BR,buscarAllPerfilCidadeDetalhes,Instituto Cidades Sustentáveis / IDSC-BR,https://www.cidadessustentaveis.org.br/api/idsc-br/buscarAllPerfilCidadeDetalhes,2026-09-01T10:54:12Z,05f33a73fe50fd6e1053f40da21fd053e52f45f8d245a78f77f969d4c357f0fe,OK
3169109,Toledo,MG,3169109,53.47,1458,,CODIGO_IBGE,IDSC-BR,buscarAllPerfilCidadeDetalhes,Instituto Cidades Sustentáveis / IDSC-BR,https://www.cidadessustentaveis.org.br/api/idsc-br/buscarAllPerfilCidadeDetalhes,2026-09-01T10:54:12Z,056e75754784e93a1317f37f717b61ce843b293300584b3bfae44a1602fa7c5a,OK
3169208,Tombos,MG,3169208,52.94,1645,,CODIGO_IBGE,IDSC-BR,buscarAllPerfilCidadeDetalhes,Instituto Cidades Sustentáveis / IDSC-BR,https://www.cidadessustentaveis.org.br/api/idsc-br/buscarAllPerfilCidadeDetalhes,2026-09-01T10:54:12Z,31780dd1c29cabe1bb6991440cb61dbded6a1cc99c550f7c19e3366d97e64b96,OK
3169307,Três Corações,MG,3169307,48.4,3445,,CODIGO_IBGE,IDSC-BR,buscarAllPerfilCidadeDetalhes,Instituto Cidades Sustentáveis / IDSC-BR,https://www.cidadessustentaveis.org.br/api/idsc-br/buscarAllPerfilCidadeDetalhes,2026-09-01T10:54:12Z,59845256953c0f55e763a758fd572602d0820fb94623c0e1f42ba6622eb6c2d5,OK
3169356,Três Marias,MG,3169356,52.94,1648,,CODIGO_IBGE,IDSC-BR,buscarAllPerfilCidadeDetalhes,Instituto Cidades Sustentáveis / IDSC-BR,https://www.cidadessustentaveis.org.br/api/idsc-br/buscarAllPerfilCidadeDetalhes,2026-09-01T10:54:12Z,ce79f5e6b0c8f5915964b19ed72a654811b091eecd275e056a01f7aa63feab1e,OK
3169406,Três Pontas,MG,3169406,50.16,2742,,CODIGO_IBGE,IDSC-BR,buscarAllPerfilCidadeDetalhes,Instituto Cidades Sustentáveis / IDSC-BR,https://www.cidadessustentaveis.org.br/api/idsc-br/buscarAllPerfilCidadeDetalhes,2026-09-01T10:54:12Z,1dbb86bc78984c1f66ffa4ede256990c28ab8d889b7ebd6f067ae0df250ac6a3,OK
3169505,Tumiritinga,MG,3169505,51.11,2359,,CODIGO_IBGE,IDSC-BR,buscarAllPerfilCidadeDetalhes,Instituto Cidades Sustentáveis / IDSC-BR,https://www.cidadessustentaveis.org.br/api/idsc-br/buscarAllPerfilCidadeDetalhes,2026-09-01T10:54:12Z,20b13a96984aca464b7e2dee3564f8d749468380f22cf2511d5c573cda1eb963,OK
3169604,Tupaciguara,MG,3169604,49.15,3131,,CODIGO_IBGE,IDSC-BR,buscarAllPerfilCidadeDetalhes,Instituto Cidades Sustentáveis / IDSC-BR,https://www.cidadessustentaveis.org.br/api/idsc-br/buscarAllPerfilCidadeDetalhes,2026-09-01T10:54:12Z,51227b186f786353822d3b75b5aa690f8d1b472de83a57033f2c33fbaccf3573,OK
3169703,Turmalina,MG,3169703,58.37,362,,CODIGO_IBGE,IDSC-BR,buscarAllPerfilCidadeDetalhes,Instituto Cidades Sustentáveis / IDSC-BR,https://www.cidadessustentaveis.org.br/api/idsc-br/buscarAllPerfilCidadeDetalhes,2026-09-01T10:54:12Z,df32f34df630990b4b100cbb86a1c689c646766bd104463e0e76813ef479cf1f,OK
3169802,Turvolândia,MG,3169802,54.67,1098,,CODIGO_IBGE,IDSC-BR,buscarAllPerfilCidadeDetalhes,Instituto Cidades Sustentáveis / IDSC-BR,https://www.cidadessustentaveis.org.br/api/idsc-br/buscarAllPerfilCidadeDetalhes,2026-09-01T10:54:12Z,3f7a953b05d10aa90184884ac9bb2693bd0453552d77d87029aff8ff4586b297,OK
3169901,Ubá,MG,3169901,47.81,3673,,CODIGO_IBGE,IDSC-BR,buscarAllPerfilCidadeDetalhes,Instituto Cidades Sustentáveis / IDSC-BR,https://www.cidadessustentaveis.org.br/api/idsc-br/buscarAllPerfilCidadeDetalhes,2026-09-01T10:54:12Z,a8749f3baf40aaac4961124fd555d5ecd5b5683b83c29eb04e6219811535699e,OK
3170008,Ubaí,MG,3170008,46.0,4286,,CODIGO_IBGE,IDSC-BR,buscarAllPerfilCidadeDetalhes,Instituto Cidades Sustentáveis / IDSC-BR,https://www.cidadessustentaveis.org.br/api/idsc-br/buscarAllPerfilCidadeDetalhes,2026-09-01T10:54:12Z,9409512d78620ba486804f0baa8f650687617c66fe86a7615f66a7e1df1aaba3,OK
3170057,Ubaporanga,MG,3170057,48.58,3367,,CODIGO_IBGE,IDSC-BR,buscarAllPerfilCidadeDetalhes,Instituto Cidades Sustentáveis / IDSC-BR,https://www.cidadessustentaveis.org.br/api/idsc-br/buscarAllPerfilCidadeDetalhes,2026-09-01T10:54:12Z,9ce604526d1bafd938fd1ac0796f19ed1e2b2b4d19907f2efdb4993de53daa46,OK
3170107,Uberaba,MG,3170107,53.82,1349,,CODIGO_IBGE,IDSC-BR,buscarAllPerfilCidadeDetalhes,Instituto Cidades Sustentáveis / IDSC-BR,https://www.cidadessustentaveis.org.br/api/idsc-br/buscarAllPerfilCidadeDetalhes,2026-09-01T10:54:12Z,2fc95aa45bafe5b6b3644da9f47c9f687574f12f54be1521d133fed6bac9061e,OK
3170206,Uberlândia,MG,3170206,57.63,466,,CODIGO_IBGE,IDSC-BR,buscarAllPerfilCidadeDetalhes,Instituto Cidades Sustentáveis / IDSC-BR,https://www.cidadessustentaveis.org.br/api/idsc-br/buscarAllPerfilCidadeDetalhes,2026-09-01T10:54:12Z,488216caf9a9f953c14be55b7322c29f4bc9df6f141268eaedc15081c90d1124,OK
3170305,Umburatiba,MG,3170305,48.37,3464,,CODIGO_IBGE,IDSC-BR,buscarAllPerfilCidadeDetalhes,Instituto Cidades Sustentáveis / IDSC-BR,https://www.cidadessustentaveis.org.br/api/idsc-br/buscarAllPerfilCidadeDetalhes,2026-09-01T10:54:12Z,dfe4d0dbee1ab1a57f3263243f8b0da26bc179a463949b6775ae111d5b2fb9d2,OK
3170404,Unaí,MG,3170404,50.53,2592,,CODIGO_IBGE,IDSC-BR,buscarAllPerfilCidadeDetalhes,Instituto Cidades Sustentáveis / IDSC-BR,https://www.cidadessustentaveis.org.br/api/idsc-br/buscarAllPerfilCidadeDetalhes,2026-09-01T10:54:12Z,ff4355a65c928aa31412833213ec95aba541e8be41bb2a01ea4f90b0c72a6a02,OK
3170438,União de Minas,MG,3170438,56.72,624,,CODIGO_IBGE,IDSC-BR,buscarAllPerfilCidadeDetalhes,Instituto Cidades Sustentáveis / IDSC-BR,https://www.cidadessustentaveis.org.br/api/idsc-br/buscarAllPerfilCidadeDetalhes,2026-09-01T10:54:12Z,8b028b6e381a4250e322f9cb02b8b0af62bf4bcc2297dbb3ebc8d8a1ef8266fd,OK
3170479,Uruana de Minas,MG,3170479,50.13,2756,,CODIGO_IBGE,IDSC-BR,buscarAllPerfilCidadeDetalhes,Instituto Cidades Sustentáveis / IDSC-BR,https://www.cidadessustentaveis.org.br/api/idsc-br/buscarAllPerfilCidadeDetalhes,2026-09-01T10:54:12Z,c846d3433ec27f4343563f8fbca3643b9d0926c78e7404919f7c85d92d42035f,OK
3170503,Urucânia,MG,3170503,45.95,4299,,CODIGO_IBGE,IDSC-BR,buscarAllPerfilCidadeDetalhes,Instituto Cidades Sustentáveis / IDSC-BR,https://www.cidadessustentaveis.org.br/api/idsc-br/buscarAllPerfilCidadeDetalhes,2026-09-01T10:54:12Z,8a6cc1fbedc1b23c06f3f2c139383392f323396169fff0f8d896b978a49d15c0,OK
3170529,Urucuia,MG,3170529,54.95,1031,,CODIGO_IBGE,IDSC-BR,buscarAllPerfilCidadeDetalhes,Instituto Cidades Sustentáveis / IDSC-BR,https://www.cidadessustentaveis.org.br/api/idsc-br/buscarAllPerfilCidadeDetalhes,2026-09-01T10:54:12Z,09d28c42be5b2c4db68e220979389f4cc6138176428d6eca764ce4b1f022c590,OK
3170578,Vargem Alegre,MG,3170578,50.67,2536,,CODIGO_IBGE,IDSC-BR,buscarAllPerfilCidadeDetalhes,Instituto Cidades Sustentáveis / IDSC-BR,https://www.cidadessustentaveis.org.br/api/idsc-br/buscarAllPerfilCidadeDetalhes,2026-09-01T10:54:12Z,76f1fddf90aa455942afc27e57d6f832d6ef85be5bb40fdf4bf67e9c2a1cad44,OK
3170602,Vargem Bonita,MG,3170602,62.43,41,,CODIGO_IBGE,IDSC-BR,buscarAllPerfilCidadeDetalhes,Instituto Cidades Sustentáveis / IDSC-BR,https://www.cidadessustentaveis.org.br/api/idsc-br/buscarAllPerfilCidadeDetalhes,2026-09-01T10:54:12Z,514b314b9b49197c3bfd1cd75ae5f83ac9abc6dd6ff4973bc8d4832fe86f8a1b,OK
3170651,Vargem Grande do Rio Pardo,MG,3170651,51.89,2034,,CODIGO_IBGE,IDSC-BR,buscarAllPerfilCidadeDetalhes,Instituto Cidades Sustentáveis / IDSC-BR,https://www.cidadessustentaveis.org.br/api/idsc-br/buscarAllPerfilCidadeDetalhes,2026-09-01T10:54:12Z,24945de075f64c98bec59729f7350e32a9d04c554dce8a40e9c5d6e7b844523b,OK
3170701,Varginha,MG,3170701,64.64,7,,CODIGO_IBGE,IDSC-BR,buscarAllPerfilCidadeDetalhes,Instituto Cidades Sustentáveis / IDSC-BR,https://www.cidadessustentaveis.org.br/api/idsc-br/buscarAllPerfilCidadeDetalhes,2026-09-01T10:54:12Z,d9dcdc5ee9c410334f64492b0562f9345b46b5ee7a0346386360e09f159a3161,OK
3170750,Varjão de Minas,MG,3170750,56.89,585,,CODIGO_IBGE,IDSC-BR,buscarAllPerfilCidadeDetalhes,Instituto Cidades Sustentáveis / IDSC-BR,https://www.cidadessustentaveis.org.br/api/idsc-br/buscarAllPerfilCidadeDetalhes,2026-09-01T10:54:12Z,ecdc6eb4814f9aa5557e64f4c3f883a3f4c0a6339756d760f8fa6566b50d5a1d,OK
3170800,Várzea da Palma,MG,3170800,51.34,2261,,CODIGO_IBGE,IDSC-BR,buscarAllPerfilCidadeDetalhes,Instituto Cidades Sustentáveis / IDSC-BR,https://www.cidadessustentaveis.org.br/api/idsc-br/buscarAllPerfilCidadeDetalhes,2026-09-01T10:54:12Z,590beb5adb119f8b7ce1df3b8a01104b08ba240e081d12a8ae375ded45e61431,OK
3170909,Varzelândia,MG,3170909,49.52,2997,,CODIGO_IBGE,IDSC-BR,buscarAllPerfilCidadeDetalhes,Instituto Cidades Sustentáveis / IDSC-BR,https://www.cidadessustentaveis.org.br/api/idsc-br/buscarAllPerfilCidadeDetalhes,2026-09-01T10:54:12Z,24d427e0acd4b4e67a458e7bc0ea49cca0085e589f59fef41ab4a695c6f0c8f4,OK
3171006,Vazante,MG,3171006,55.83,815,,CODIGO_IBGE,IDSC-BR,buscarAllPerfilCidadeDetalhes,Instituto Cidades Sustentáveis / IDSC-BR,https://www.cidadessustentaveis.org.br/api/idsc-br/buscarAllPerfilCidadeDetalhes,2026-09-01T10:54:12Z,0474583668bd727109bd740d966afa23fb0dbded9f74526446c82e0f3e882788,OK
3171030,Verdelândia,MG,3171030,47.8,3677,,CODIGO_IBGE,IDSC-BR,buscarAllPerfilCidadeDetalhes,Instituto Cidades Sustentáveis / IDSC-BR,https://www.cidadessustentaveis.org.br/api/idsc-br/buscarAllPerfilCidadeDetalhes,2026-09-01T10:54:12Z,3283b8fa2bf92a4d312cca31c2a97bab59841557709090c5b3564360d8a8777d,OK
3171071,Veredinha,MG,3171071,56.35,702,,CODIGO_IBGE,IDSC-BR,buscarAllPerfilCidadeDetalhes,Instituto Cidades Sustentáveis / IDSC-BR,https://www.cidadessustentaveis.org.br/api/idsc-br/buscarAllPerfilCidadeDetalhes,2026-09-01T10:54:12Z,617a9af2d8fad0ea6b591edbaae6d838d923e223b39c06dfe6aa53d9b2ecf394,OK
3171105,Veríssimo,MG,3171105,49.97,2822,,CODIGO_IBGE,IDSC-BR,buscarAllPerfilCidadeDetalhes,Instituto Cidades Sustentáveis / IDSC-BR,https://www.cidadessustentaveis.org.br/api/idsc-br/buscarAllPerfilCidadeDetalhes,2026-09-01T10:54:12Z,8d57853d80b32ff912efcc2e1100b31ddef1e3088f0353434a54eff9facd4111,OK
3171154,Vermelho Novo,MG,3171154,50.94,2424,,CODIGO_IBGE,IDSC-BR,buscarAllPerfilCidadeDetalhes,Instituto Cidades Sustentáveis / IDSC-BR,https://www.cidadessustentaveis.org.br/api/idsc-br/buscarAllPerfilCidadeDetalhes,2026-09-01T10:54:12Z,d6da2d151abc8129cde2b59c4b0d8f18f47024b8cdc4d82aa3537404b2e9a758,OK
3171204,Vespasiano,MG,3171204,48.37,3459,,CODIGO_IBGE,IDSC-BR,buscarAllPerfilCidadeDetalhes,Instituto Cidades Sustentáveis / IDSC-BR,https://www.cidadessustentaveis.org.br/api/idsc-br/buscarAllPerfilCidadeDetalhes,2026-09-01T10:54:12Z,2fe57ee14a8aff188cb20ea8015d9a298d17fe1e2e60b662573532b53b2ad756,OK
3171303,Viçosa,MG,3171303,44.51,4718,,CODIGO_IBGE,IDSC-BR,buscarAllPerfilCidadeDetalhes,Instituto Cidades Sustentáveis / IDSC-BR,https://www.cidadessustentaveis.org.br/api/idsc-br/buscarAllPerfilCidadeDetalhes,2026-09-01T10:54:12Z,bce0336b7b24045da1910bf95492358d1fb66f15ef49c5b249d0f596c2f5edd3,OK
3171402,Vieiras,MG,3171402,54.08,1269,,CODIGO_IBGE,IDSC-BR,buscarAllPerfilCidadeDetalhes,Instituto Cidades Sustentáveis / IDSC-BR,https://www.cidadessustentaveis.org.br/api/idsc-br/buscarAllPerfilCidadeDetalhes,2026-09-01T10:54:12Z,5ebe1743b3d7db605480b1d08b670f0b03834ce545ab3cc7413cab095541d175,OK
3171501,Mathias Lobato,MG,3171501,52.5,1811,,CODIGO_IBGE,IDSC-BR,buscarAllPerfilCidadeDetalhes,Instituto Cidades Sustentáveis / IDSC-BR,https://www.cidadessustentaveis.org.br/api/idsc-br/buscarAllPerfilCidadeDetalhes,2026-09-01T10:54:12Z,00a633186e43cddac0c6b9c675242a47ea585ade208fa11c221b272bf6348fd4,OK
3171600,Virgem da Lapa,MG,3171600,49.38,3046,,CODIGO_IBGE,IDSC-BR,buscarAllPerfilCidadeDetalhes,Instituto Cidades Sustentáveis / IDSC-BR,https://www.cidadessustentaveis.org.br/api/idsc-br/buscarAllPerfilCidadeDetalhes,2026-09-01T10:54:12Z,5daeb014c2de7329863e8a418781f84bd74d76513b5abe0b71bd569ddef50541,OK
3171709,Virgínia,MG,3171709,53.92,1316,,CODIGO_IBGE,IDSC-BR,buscarAllPerfilCidadeDetalhes,Instituto Cidades Sustentáveis / IDSC-BR,https://www.cidadessustentaveis.org.br/api/idsc-br/buscarAllPerfilCidadeDetalhes,2026-09-01T10:54:12Z,05349408078447ab7e9dfadabb0bebbbfdefb1185d83463177e1d123ff0dd850,OK
3171808,Virginópolis,MG,3171808,49.39,3038,,CODIGO_IBGE,IDSC-BR,buscarAllPerfilCidadeDetalhes,Instituto Cidades Sustentáveis / IDSC-BR,https://www.cidadessustentaveis.org.br/api/idsc-br/buscarAllPerfilCidadeDetalhes,2026-09-01T10:54:12Z,f3d9e6fa8d796e4397d2a87d7085fb92d1ed0d218efb598e985008888c6f2dd7,OK
3171907,Virgolândia,MG,3171907,54.48,1153,,CODIGO_IBGE,IDSC-BR,buscarAllPerfilCidadeDetalhes,Instituto Cidades Sustentáveis / IDSC-BR,https://www.cidadessustentaveis.org.br/api/idsc-br/buscarAllPerfilCidadeDetalhes,2026-09-01T10:54:12Z,bdd05129749c20f4032297ebd1497d88ed1c6d30fbce7f959cffb7589feb3cf8,OK
3172004,Visconde do Rio Branco,MG,3172004,44.65,4681,,CODIGO_IBGE,IDSC-BR,buscarAllPerfilCidadeDetalhes,Instituto Cidades Sustentáveis / IDSC-BR,https://www.cidadessustentaveis.org.br/api/idsc-br/buscarAllPerfilCidadeDetalhes,2026-09-01T10:54:12Z,00c22f9c2b2dd2ec7b493de30a78183145d1cf660be36ba9a78f6da6f545ccb2,OK
3172103,Volta Grande,MG,3172103,50.33,2670,,CODIGO_IBGE,IDSC-BR,buscarAllPerfilCidadeDetalhes,Instituto Cidades Sustentáveis / IDSC-BR,https://www.cidadessustentaveis.org.br/api/idsc-br/buscarAllPerfilCidadeDetalhes,2026-09-01T10:54:12Z,b837dc4bdc73739295632977bb52f088e1facede1fc69255d5fe1c75be50e550,OK
3172202,Wenceslau Braz,MG,3172202,56.47,672,,CODIGO_IBGE,IDSC-BR,buscarAllPerfilCidadeDetalhes,Instituto Cidades Sustentáveis / IDSC-BR,https://www.cidadessustentaveis.org.br/api/idsc-br/buscarAllPerfilCidadeDetalhes,2026-09-01T10:54:12Z,effd702690c28c2389326c009567edd2d6b997b3b634a6fa73f0594797a03837,OK
